監測主題,標題,內容,來源,來源網站,主文/回文,發佈時間,討論串總則數,點閱數,作者,正面強度,負面強度 ,原始連結
氣炸鍋,忙裡偷閒也能當煮婦。全靠這飛利浦智慧萬用鍋HD2175！(拍),... 就跟飛利浦氣炸鍋一樣 都還沒開始使用就被fb朋友燒的體無完膚 我終於也收到飛利浦智慧萬用鍋了........(雙手點肩嘴裡搭〔喔耶〕同時把手高舉)不囉嗦！ 懶人食譜直接...,討論區,開箱王 > 食品與料理,主文,2013-12-27 12:46:00,0,60,凱莉,0.482,0.445,http://gounboxing.com/article-9480-1.html
氣炸鍋,上傳BB照片，便可登站參加抽獎....奶粉、氣炸鍋、新光三越禮券...等,登站還蠻快蠻容易的 希望中個ipad mini也一樣容易 叫老公也登一下再中個奶粉也不賴XDDD,討論區,SOGO論壇 > 寶貝生活館,回文,2013-12-27 09:16:23,3,50,JAVA,0.604,0,http://oursogo.com/thread-1628992-1-1.html
氣炸鍋,酥炸蝴蝶鮸魚(氣炸鍋),...沒法直接放入氣炸鍋 烤箱只烤一隻魚 有點浪費 想到 之前做過蝴蝶雞~去除雞背大骨 那來做個蝴蝶魚 這樣就可進小小的氣炸內鍋 ' 材料 1.鮸魚 2...,部落格,udn部落格 > 最多推薦,主文,2013-12-27 09:03:15,3,0,ritayang3399,0.416,0.436,http://blog.udn.com/ritayang3399/10158839
氣炸鍋,"我用氣炸鍋來炸豬油,好乾淨,好方便","以為賣8990原來更便宜,炸鍋愛用家族就是我,現在鹹酥雞都麻家裡做就好比較健康安心http://www.babyhome.com.tw/bbgo/product.php?pid=19036",討論區,BabyHome 寶貝家庭親子網 > 閒聊專區,回文,2013-12-27 08:57:33,20,0,祐子mom,0.73,0.211,http://www.babyhome.com.tw/mboard/topic.php?page=2&&bid=6&sID=4241878
氣炸鍋,"我用氣炸鍋來炸豬油,好乾淨,好方便","以為賣8990原來更便宜,炸鍋愛用家族就是我,現在鹹酥雞都麻家裡做就好比較健康安心http://www.babyhome.com.tw/bbgo/product.php?pid=19036",討論區,BabyHome 寶貝家庭親子網 > 香香美食,回文,2013-12-27 08:57:33,20,0,祐子mom,0.73,0.211,http://www.babyhome.com.tw/mboard/topic.php?page=2&&bid=13&sID=4241878
氣炸鍋,數字看零售,...而「氣炸鍋」（5.97％）及「慢磨/果汁機」（3.48％）等擠進上班族最想要的抽獎禮品前10名，顯見上班族健康意識逐漸抬頭，讓健康食品小家電成為尾牙夢幻逸品之一...,新聞,yahoo新聞 > 消費,主文,2013-12-27 05:30:00,0,0,中時電子報,0.492,0.189,http://tw.news.yahoo.com/數字看零售-213000529.html
氣炸鍋,數字看零售,...而「氣炸鍋」（5.97％）及「慢磨／果汁機」（3.48％）等擠進上班族最想要的抽獎禮品前10名，顯見上班族健康意識逐漸抬頭，讓健康食品小家電成為尾牙夢幻逸品之一...,新聞,工商時報 > 產業．科技,主文,2013-12-27 04:10:00,0,0,工商時報 方明,0.488,0.188,http://www.chinatimes.com/newspapers/20131227000300-260204
氣炸鍋,【按讚+留言★抽飛利浦沙龍級負離子SPA按摩吹風機HP82...,... http://www.momoshop.com.tw/goods/GoodsDetail.jsp?i_code=1533594&cid=fb1225&oid=1530另外，折到往生價的飛利浦氣炸鍋<...,社群網站,facebook粉絲團 > momo富邦購物網,主文,2013-12-26 16:08:52,572,4204,momo富邦購物網,0.537,0.179,http://www.facebook.com/permalink.php?story_fbid=10152080435178431&id=165449553430
氣炸鍋,上傳BB照片，便可登站參加抽獎....奶粉、氣炸鍋、新光三越禮券...等,謝謝謝謝分享!!所有的獎品都好想要哦...,討論區,SOGO論壇 > 寶貝生活館,回文,2013-12-26 11:44:09,3,50,arkc,0.766,0,http://oursogo.com/thread-1628992-1-1.html
氣炸鍋,上傳BB照片，便可登站參加抽獎....奶粉、氣炸鍋、新光三越禮券...等,感謝分享！！！！！ 參加了～ 希望可以抽到氣炸鍋XD,討論區,SOGO論壇 > 寶貝生活館,回文,2013-12-26 10:11:24,3,50,bobobox,0.294,0,http://oursogo.com/thread-1628992-1-1.html
氣炸鍋,聖誕搜集趣,水晶球在特賣-氣炸鍋,討論區,BabyHome 寶貝家庭親子網 > 閒聊專區,回文,2013-12-25 17:06:54,10,0,邁入歐吉桑階段,0,0,http://www.babyhome.com.tw/mboard/topic.php?&bid=6&sID=4278087
氣炸鍋,PHILIPS Fidelio S1耳塞式耳機+SHL9705A頭戴式耳機超值好禮價格推薦,"... 去找了各種開箱文、官網報導，查找比如philips,philips dtd3190,philips氣炸鍋,philips 7800mah,philips刮鬍刀進一步找價格實惠商品<B...",部落格,PcHome部落格 > PcHome BlogSearch搜尋結果,主文,2013-12-25 15:42:20,0,0,小花喵,0.485,0.351,http://mypaper.pchome.com.tw/galaxys4/post/1326582549
氣炸鍋,聲寶保溫盤(KM-L1015WL) ♣將調回原價♣,...售價:2980  PT-300g多用途電子湯匙秤 售價:350 ◎單位選擇克/盎司◎重量鎖定、電量不足顯示◎省電關機、超重顯示 歌林kolin-健康無油空氣炸鍋-NJ...,部落格,udn部落格 > UDN BlogSearch搜尋結果,主文,2013-12-25 11:55:56,0,0,c1yy22o0,0.429,0.209,http://blog.udn.com/c1yy22o0/10135799
氣炸鍋,聲寶保溫盤(KM-L1015WL) ♥省很多♥,... 歌林電動塔吉鍋KHL-LN0501  售價:1488 蒸氣循環燜煮100%保留原味簡單烹煮更省電煙囪式造型強化玻璃蓋，烹煮一目了然 歌林kolin-健康無油空氣炸鍋-N...,部落格,udn部落格 > UDN BlogSearch搜尋結果,主文,2013-12-25 11:43:05,0,0,y2191wf,0.453,0.205,http://blog.udn.com/y2191wf/10135592
氣炸鍋,【魚乾】小廚房-聽起來就很厲害[烤雞腿排佐馬鈴薯泥],如果自家烤箱不夠大的話可以用氣炸鍋嗎?﻿,社群網站,Youtube最多人喜歡 > DIY教學,回文,2013-12-25 11:26:01,291,19688,李家穎,0,0,http://www.youtube.com/all_comments?v=iBxpCd_qPkk
氣炸鍋,"我用氣炸鍋來炸豬油,好乾淨,好方便","白金氣炸鍋功能更強呢！ 送的烤盤,食譜滿需要的 我也準備buy一個",討論區,BabyHome 寶貝家庭親子網 > 香香美食,回文,2013-12-25 09:05:54,20,0,我不累我不累,0,0,http://www.babyhome.com.tw/mboard/topic.php?page=2&&bid=13&sID=4241878
氣炸鍋,"我用氣炸鍋來炸豬油,好乾淨,好方便","白金氣炸鍋功能更強呢！ 送的烤盤,食譜滿需要的 我也準備buy一個",討論區,BabyHome 寶貝家庭親子網 > 閒聊專區,回文,2013-12-25 09:05:54,20,0,我不累我不累,0,0,http://www.babyhome.com.tw/mboard/topic.php?page=2&&bid=6&sID=4241878
氣炸鍋,曾愷玹停工養胎公婆疼最後一撈遮肚搶200萬,...」 曾愷玹代言飛利浦家電廣告2年，進帳200萬元，本月17日她進棚連拍2天氣炸鍋、電鍋等廣告，這是她休息前最後1個工作，陳冠宇事先交待經紀人賴盛芳要注意她安全，她出入休息室都有人扶著...,新聞,蘋果日報 > 娛樂總覽,主文,2013-12-25 00:00:00,0,0,張瑞振、葉婉如台北報導,0.522,0.221,http://www.appledaily.com.tw/appledaily/article/entertainment/20131225/35530771
氣炸鍋,【星羽是吃貨-宅配】口味多元，酥脆口感讓人一口接一口停不下來~鯨宴時尚。,... 5.把準備好的豬柳條放到氣炸鍋裡，不用抹油，190度炸7分鐘，約4分鐘翻面。 6.準備自己喜歡吃的醬料，炸好就可以吃囉~~     星羽這次是用walia哇哩嘞果仁脆片...,討論區,iPeen愛評網 > 最新文章,主文,2013-12-24 18:04:02,14,77,星羽,0.546,0.401,http://www.ipeen.com.tw/comment/587920
氣炸鍋,Re: [求助]婆婆的期待，媳婦做不到,"...^^^^^^^^^^^^^^^^^^^^^^^^^^^^^^^^^^^^^^^^^^^^這都是要花時間精進的市面上有些簡單食譜,用電鍋微波爐就可以搞定的好一點的廚具(氣炸鍋,甚至貴死人的...",社群網站,Ptt > marriage,主文,2013-12-24 13:43:42,3,0,mayko,0.165,0.439,http://www.ptt.cc/bbs/marriage/M.1387863825.A.1D4.html
氣炸鍋,2013網購消費指標！滅蟑尬面膜威化捲成為零食新寵,"...網友也愛日系家電像SONY、日立、Panasonic等，以電視、清淨機、洗衣機這些高單價大型家電；近期DIY家電銷售也正夯,像麵包機、榨油機、氣炸鍋、攪拌器等廚房小家電也是家庭主婦的最愛...",新聞,華視新聞 > 生活新聞,主文,2013-12-24 12:11:00,0,0,記者彭夢竺／台北報導,0.497,0.224,http://news.cts.com.tw/nownews/life/201312/201312241355585.html
氣炸鍋,2013網購消費指標！滅蟑尬面膜威化捲成為零食新寵,"...網友也愛日系家電像SONY、日立、Panasonic等，以電視、清淨機、洗衣機這些高單價大型家電；近期DIY家電銷售也正夯,像麵包機、榨油機、氣炸鍋、攪拌器等廚房小家電也是家庭主婦的最愛...",新聞,Hinet > 生活新聞,主文,2013-12-24 12:11:00,0,0,NOWnews,0.496,0.223,http://times.hinet.net/news/14948143?m=cl
氣炸鍋,2013網購消費指標！滅蟑尬面膜威化捲成為零食新寵,"...網友也愛日系家電像sony、日立、panasonic等，以電視、清淨機、洗衣機這些高單價大型家電；近期DIY家電銷售也正夯,像麵包機、榨油機、氣炸鍋、攪拌器等廚房小家電也是家庭主婦的最愛...",新聞,Sina新聞 > 台灣生活,主文,2013-12-24 12:11:00,0,0,NOWnews今日新聞,0.498,0.224,http://news.sina.com.tw/article/20131224/11430428.html
氣炸鍋,2013網購消費指標！滅蟑尬面膜威化捲成為零食新寵,"...網友也愛日系家電像SONY、日立、Panasonic等，以電視、清淨機、洗衣機這些高單價大型家電；近期DIY家電銷售也正夯,像麵包機、榨油機、氣炸鍋、攪拌器等廚房小家電也是家庭主婦的最愛...",新聞,yahoo新聞 > 消費,主文,2013-12-24 12:11:00,0,0,NOWnews,0.496,0.223,http://tw.news.yahoo.com/2013網購消費指標-滅蟑尬面膜-威化捲成為零食新寵-041141977.html
氣炸鍋,[家常料理]戰鬥燒肉潛艇堡,用氣炸鍋烤肉片時，肉片有須翻面嗎？ 加點生菜再加點沙拉，超有吃美式潛艇堡的感覺...,討論區,伊莉討論區 > 美味食譜(飲食交流),回文,2013-12-24 12:09:00,17,1195,sweetellie62,0,0.206,http://www07.eyny.com/thread-9242769-1.html
氣炸鍋,"我用氣炸鍋來炸豬油,好乾淨,好方便","版媽有科學家的精神,不過炸多久比較好,還有油煙也要注意,如果油煙變成附著在內槽也是不好氣炸變成毒氣反而影響健康",討論區,BabyHome 寶貝家庭親子網 > 香香美食,回文,2013-12-24 09:57:32,20,0,陽光暖暖,0.587,0.281,http://www.babyhome.com.tw/mboard/topic.php?page=2&&bid=13&sID=4241878
氣炸鍋,"我用氣炸鍋來炸豬油,好乾淨,好方便","版媽有科學家的精神,不過炸多久比較好,還有油煙也要注意,如果油煙變成附著在內槽也是不好氣炸變成毒氣反而影響健康",討論區,BabyHome 寶貝家庭親子網 > 閒聊專區,回文,2013-12-24 09:57:32,20,0,陽光暖暖,0.587,0.281,http://www.babyhome.com.tw/mboard/topic.php?page=2&&bid=6&sID=4241878
氣炸鍋,"我用氣炸鍋來炸豬油,好乾淨,好方便","求分享白金款分享,過年要來年夜菜是惡夢氣炸鍋能炸魚嗎？http://www.babyhome.com.tw/bbgo/product.php?...",討論區,BabyHome 寶貝家庭親子網 > 香香美食,回文,2013-12-24 09:19:18,20,0,我不累我不累,0.288,0.278,http://www.babyhome.com.tw/mboard/topic.php?page=2&&bid=13&sID=4241878
氣炸鍋,"我用氣炸鍋來炸豬油,好乾淨,好方便","求分享白金款分享,過年要來年夜菜是惡夢氣炸鍋能炸魚嗎？http://www.babyhome.com.tw/bbgo/product.php?...",討論區,BabyHome 寶貝家庭親子網 > 閒聊專區,回文,2013-12-24 09:19:18,20,0,我不累我不累,0.288,0.278,http://www.babyhome.com.tw/mboard/topic.php?page=2&&bid=6&sID=4241878
氣炸鍋,20131221微醺廚房,"...給不吃生食的娟 ' 鹽麴豬頸肉佐柚子胡椒 用鹽麴醃一個星期 微甜鹹度適中~不沾醬就夠味 嘻~為什麼知道這味道,因為切完有偷偷吃邊角肉(抹嘴) ' 用氣炸鍋烤的...",部落格,udn部落格 > 最多瀏覽,主文,2013-12-24 08:58:32,4,0,ritayang3399,0.496,0.209,http://blog.udn.com/ritayang3399/10091310
氣炸鍋,抗漲網上箱購日用品賣翻,... 食安問題連環爆，今年網購爆紅商品就屬「DIY家電」，PChome 24h購物DIY家電成長50％，其中製麵包機最熱賣成長達80％以上，momo購物慢磨機、氣炸鍋與製麵包機銷量都是去...,新聞,聯合新聞網_子類群 > 折扣好康(消費資訊),主文,2013-12-24 01:02:00,0,0,聯合報╱記者林佳儀╱台北報導,0.474,0.424,http://forum.udn.com/forum/NewsLetter/NewsPreview?NewsID=8379933&ch=rss_shopping
氣炸鍋,2013網購消費指標！滅蟑尬面膜威化捲成為零食新寵,"...網友也愛日系家電像SONY、日立、Panasonic等，以電視、清淨機、洗衣機這些高單價大型家電；近期DIY家電銷售也正夯,像麵包機、榨油機、氣炸鍋、攪拌器等廚房小家電也是家庭主婦的最愛...",新聞,MSN新聞 > 生活新聞,主文,2013-12-24 00:42:00,0,0,NOWnews,0.496,0.223,http://news.msn.com.tw/./news3490750.aspx
氣炸鍋,"蝦咪,想訂個烤地瓜竟然要排到4~5天後",有烤箱、氣炸鍋的話 買地瓜回來洗乾淨，扔進去烤個30分鐘 東西只要是熱的就好吃 外面地瓜賣的實在是太貴了........,討論區,PCDVD > 七嘴八舌異言堂,回文,2013-12-23 23:27:00,21,0,raintchen,0.568,0.294,http://www.pcdvd.com.tw/showthread.php?page=2&t=1034577
氣炸鍋,上傳BB照片，便可登站參加抽獎....奶粉、氣炸鍋、新光三越禮券...等,...獎品有...奶粉、iPad mini、氣炸鍋、新光三越禮券…… 附上活動網址 http://gold.s26mama.com.tw/page/main.html 我也參加了~...,討論區,SOGO論壇 > 寶貝生活館,主文,2013-12-23 17:27:29,3,50,helloyes,0.496,0.254,http://oursogo.com/thread-1628992-1-1.html
氣炸鍋,好康分享~上傳BB照片，便可登站參加抽獎,免費抽獎活動~抽iPad mini、氣炸鍋等大獎 http://gold.s26mama.com.tw/page/main.html 按取得登站資格後，會出現很簡單的拼圖 把...,討論區,ELLE > 生活分享,主文,2013-12-23 17:09:27,2,20,tellmewhy,0.233,0.2,http://bbs.elle.com.tw/thread-23079-1-1.html
氣炸鍋,購物網統計面膜年銷5百萬片,...「馬甲線」、「醫美」等風潮興起，健腹機、膠原蛋白粉、藍光除毛儀紛紛入榜。 值得一提的是，這半年食安問題層出不窮，慢磨機、氣炸鍋、製麵包機等各式DIY健康小家電，較去年成長2倍，擠進爆...,新聞,聯合新聞網_即時新聞 > 財經產業,主文,2013-12-23 14:30:00,0,0,台北23日電,0.506,0.218,http://udn.com/NEWS/BREAKINGNEWS/BREAKINGNEWS6/8378615.shtml
氣炸鍋,購物網統計面膜年銷5百萬片,...「馬甲線」、「醫美」等風潮興起，健腹機、膠原蛋白粉、藍光除毛儀紛紛入榜。 值得一提的是，這半年食安問題層出不窮，慢磨機、氣炸鍋、製麵包機等各式DIY健康小家電，較去年成長2倍，擠進爆...,新聞,MSN新聞 > 財經新聞,主文,2013-12-23 14:08:00,0,0,中央社,0.502,0.216,http://news.msn.com.tw/./news3489067.aspx
氣炸鍋,購物網統計面膜年銷5百萬片,...「馬甲線」、「醫美」等風潮興起，健腹機、膠原蛋白粉、藍光除毛儀紛紛入榜。 值得一提的是，這半年食安問題層出不窮，慢磨機、氣炸鍋、製麵包機等各式DIY健康小家電，較去年成長2倍，擠進爆...,新聞,中央社 > 財經新聞,主文,2013-12-23 13:47:56,0,0,中央社記者江明晏台北23日電,0.502,0.216,http://feedproxy.google.com/~r/rsscna/finance/~3/Lxz6SuSzACM/201312230178-1.aspx
氣炸鍋,購物網統計面膜年銷5百萬片,... 值得一提的是，這半年食安問題層出不窮，慢磨機、氣炸鍋、製麵包機等各式DIY健康小家電，較去年成長2倍，擠進爆紅商品中。  蕃plus + AD STAR...,新聞,yam天空 > 財經新聞,主文,2013-12-23 13:47:00,0,0,中央社,0.502,0.216,http://n.yam.com/cna/fn/20131223/20131223002768.html
氣炸鍋,購物網統計面膜年銷5百萬片,...「馬甲線」、「醫美」等風潮興起，健腹機、膠原蛋白粉、藍光除毛儀紛紛入榜。 值得一提的是，這半年食安問題層出不窮，慢磨機、氣炸鍋、製麵包機等各式DIY健康小家電，較去年成長2倍，擠進爆...,新聞,Sina新聞 > 台灣財經,主文,2013-12-23 13:47:00,0,0,中央社,0.501,0.216,http://news.sina.com.tw/article/20131223/11421404.html
氣炸鍋,購物網統計面膜年銷5百萬片,... 值得一提的是，這半年食安問題層出不窮，慢磨機、氣炸鍋、製麵包機等各式DIY健康小家電，較去年成長2倍，也擠進爆紅商品中。  蕃plus + AD STAR...,新聞,yam天空 > 財經新聞,主文,2013-12-23 13:35:00,0,0,中央商情網,0.502,0.217,http://n.yam.com/cnabc/fn/20131223/20131223002735.html
氣炸鍋,10大爆紅商品爆漿威化捲居冠,...平均每4位女性會員就有1人購買，智慧型手機和平板等3C商品普及，大容量行動電源登上前3名，「馬甲缐」、「醫美」風潮興起，讓健腹機、膠原蛋白粉等入榜，近半年食安問題層出不窮，慢磨機、氣炸鍋...,新聞,蘋果日報_即時新聞 > 即時新聞總覽,主文,2013-12-23 11:44:00,0,0,,0.457,0.194,http://www.appledaily.com.tw/realtimenews/article/life/20131223/313621/
氣炸鍋,老公在上班…小孩在睡覺…看大家po鄉村的早午餐突然好想吃...,老公在上班…小孩在睡覺…看大家po鄉村的早午餐突然好想吃……於是下樓自己亂用一通真是七早八早幹嘛把自己撐到爆……救命噢蘿蔔糕是彤媽家的…超級好吃噢！！ （冷凍香腸<span class='keywor...,社群網站,Facebook公眾訊息 > FbPublicMsg,主文,2013-12-23 04:00:18,6,141,黃小路,0.527,0.239,http://www.facebook.com/photo.php?fbid=10153589961680234
氣炸鍋,[心得]瑪莉屋口袋pizza,...就拿了新買的廚房玩具氣炸鍋來烤看看氣炸鍋內鍋不大，剛好一次只能烤一個...先預熱好後，溫度開200度Pizza底部用錫箔紙包一下(怕起司融化年在內鍋不好洗)丟進去烤8分鐘沒想...,社群網站,Ptt > e-shopping,主文,2013-12-22 23:06:37,3,0,loshen,0.342,0.279,http://www.ptt.cc/bbs/e-shopping/M.1387724801.A.6E4.html
氣炸鍋,Jura家用IMPRESSA F50 classic全自動研磨咖啡機比較推薦,...Jura家用系列ENA Micro 9 One Touch咖啡機 詳細說明※同類暢銷推薦↓↓免油料理更健康 大同氣炸鍋TOT-F1300 油量減少約80%，無油也可料理山丘型...,部落格,PcHome部落格 > PcHome BlogSearch搜尋結果,主文,2013-12-22 16:29:58,0,0,允瑤,0.494,0.173,http://mypaper.pchome.com.tw/vjqk5425/post/1326511598
氣炸鍋,完成四大營養拼圖，上傳寶貝照片，便可登站參加抽獎哦!,S26抽獎活動~抽iPad mini、氣炸鍋等大獎http://gold.s26mama.com.tw/page/main.html按取得登站資格後，會出現很簡單的拼圖把拼圖拼好，再把小...,討論區,BabyHome 寶貝家庭親子網 > 生活情報,主文,2013-12-22 11:48:41,11,0,志鈴,0.221,0.206,http://www.babyhome.com.tw/mboard/topic.php?&bid=2&sID=4276411
氣炸鍋,[買賣]全新飛利浦氣炸鍋,...全新飛利浦氣炸鍋商品價格：5500新舊狀況：試用過一次，尚餘10個月保固交易方式：面交唷！！聯絡方式：站內信送媽媽生日禮物但重複了！！只試用過一次，保存良好附保證書有送回原廠換特殊底部鐵...,社群網站,Ptt > BigBanciao,主文,2013-12-22 02:25:14,23,0,clioheart,0.191,0.161,http://www.ptt.cc/bbs/BigBanciao/M.1387650317.A.FBC.html
氣炸鍋,【按讚+留言★抽飛利浦負離子SPA按摩吹風機1支】 ...,... http://www.momoshop.com.tw/goods/GoodsDetail.jsp?i_code=2090072&cid=fb1219&oid=1500另外，折到往生價的飛利浦氣炸鍋<...,社群網站,facebook粉絲團 > momo富邦購物網,主文,2013-12-20 14:51:40,604,3969,momo富邦購物網,0.516,0.182,http://www.facebook.com/permalink.php?story_fbid=10152066729678431&id=165449553430
氣炸鍋,[每日好康]聲寶健康油切空氣炸鍋KZ-L12221BL ★福利價★,[每日好康]聲寶健康油切空氣炸鍋KZ-L12221BL該商品熱烈搶購中~欲購從速，以免向隅！因為我自己也想要了解[每日好康]聲寶健康油切空氣炸鍋KZ-L12221BL到處尋找...,部落格,udn部落格 > UDN BlogSearch搜尋結果,主文,2013-12-20 14:36:06,0,0,uyy12l20,0.525,0.336,http://blog.udn.com/uyy12l20/10033873
氣炸鍋,Re: [灑花]很慶幸有這樣的老媽,"...我的想法為優先,他也從來沒想要左右我的想法,只在我問他的時候他在說出自己的想法可能因為這樣,所以跟媽媽的關係很緊密,大學每天都會通電話,超無聊地哀個30秒也開心XDDDD真希望可以快賺多一點錢幫我媽...",社群網站,Ptt > WomenTalk,主文,2013-12-20 12:26:17,8,0,toma1224,0.352,0.328,http://www.ptt.cc/bbs/WomenTalk/M.1387513580.A.75F.html
氣炸鍋,【分享】不只能炸，還能燒烤、烘烤、烘焙的二代飛利浦健康氣炸鍋... ...,【本篇為飛利浦氣炸鍋邀稿文】 面對國內黑心食品連環爆，身為職業主婦的我，只能努力爭取時間進廚房，親自替全家人的健康把關。幸運地是拜科技進步所賜，現代煮婦不必在花費許多時間在廚房工作上...,討論區,開箱王 > 家電,主文,2013-12-20 12:24:00,0,70,amystalk,0.53,0.367,http://gounboxing.com/article-9347-1.html
氣炸鍋,三洋4-6坪變頻窗型冷氣SA-L28VA/SA-R28VA品牌推薦,"... TATUNG,尚朋堂,三洋,工業扇,工業扇,Whirlpool,尚朋堂,國際,國際牌,北方, sampo 32, bestech corporation,嘉儀循環扇,尚朋堂氣炸鍋,...",部落格,痞客邦 PIXNET > Pixnet BlogSearch搜尋結果,主文,2013-12-20 05:14:00,0,0,yo130821026,0.465,0.367,http://yo130821026.pixnet.net/blog/post/331711394
氣炸鍋,【鮮奶小姐上學記】聖誕節義賣&跳蚤市場,... 媽媽們有的是捐出自己家中的物品、自己做點心麵包、還有自己上山載好吃的農產品來義賣的 也有搬來卡式爐和蒸鍋來賣現蒸饅頭、帶氣炸鍋來賣炸薯條 廚房的煮飯媽媽也做了滷豆干來義賣(...,部落格,痞客邦 PIXNET > 珊卓‧心生活,主文,2013-12-20 00:35:00,1,0,珊卓,0.486,0.418,http://imsandra.pixnet.net/blog/post/29610180
氣炸鍋,消費趨勢分析-食安到居安，全面性的安心居家生活時代,... 更熱銷的自製料理小家電 這股因「食安危機」引發的自宅料理風潮，從2012年開始一直延燒到2013年，以廚房小家電為例，除了2012年持續熱銷的多功能調理機，生機果汁機、豆漿機及氣炸鍋</sp...,新聞,聯合新聞網 > 房市情報,主文,2013-12-20 00:00:00,0,0,,0.532,0.468,http://money.udn.com/house/storypage.jsp?f_MAIN_ID=416&f_SUB_ID=4075&f_ART_ID=301202
氣炸鍋,在家也可自己做簡單椒麻雞噢1.滑蛋：蛋+水+太白粉+醬油...,...辣椒.蒜頭.香菜切末.加水.胡椒粉.檸檬.醬油/油膏.泰式甜辣醬3.4.雞腿醃過醬油蒜頭後.擦點油.沾麵包粉或炸粉5.放入氣炸鍋10-15分（沒氣炸鍋就用鍋子吧） 6.高麗菜...,社群網站,Facebook公眾訊息 > FbPublicMsg,主文,2013-12-19 16:46:00,20,122,黃小路,0.174,0.496,http://www.facebook.com/photo.php?fbid=10153581089365234
氣炸鍋,Re: [心得]氣炸鍋處理雞肉還不錯...,※引述《seiko2023 (seiko)》之銘言：,社群網站,Ptt > MuscleBeach,主文,2013-12-19 12:08:14,24,0,neverwin,0,0,http://www.ptt.cc/bbs/MuscleBeach/M.1387426097.A.2B5.html
氣炸鍋,真多鍋要買,"有會出去玩,看朋友用萬用鍋很好用,心動想買,可是前陣子才買氣炸鍋.商人真會發明,真多鍋要買,我家已有大同電鍋.電子鍋.<span class=...",討論區,BabyHome 寶貝家庭親子網 > 閒聊專區,主文,2013-12-19 11:56:50,1,0,逆境是磨練,0.535,0,http://www.babyhome.com.tw/mboard/topic.php?&bid=6&sID=4275116
氣炸鍋,"最近很紅的""飛利浦免油健康氣炸鍋"",上網看了看原理,跟我...","最近很紅的""飛利浦免油健康氣炸鍋"",上網看了看原理,跟我家那台""旋風烘烤爐""的原理一模一樣,都是用熱風從上方加熱,使得食物可以均勻受熱.但氣炸鍋看來只能烤些小東西,而旋風烤爐...",社群網站,Facebook公眾訊息 > FbPublicMsg,主文,2013-12-19 08:12:37,1,2,Crane Lee,0.48,0,http://www.facebook.com/permalink.php?story_fbid=780297878650825&id=100000118600086
氣炸鍋,歌林搶市大家電電視變頻冷氣吸客,...據歌林統計，小家電主力在於生活和調理類家電，包括吸塵器、風扇、電磁爐、氣炸鍋、麵包機等，比重近7成。 此外，歌林表示，很多消費者以為循環扇是夏季家電，其實冬季也能派上用場，搭配除濕機...,新聞,yahoo新聞 > 科技,主文,2013-12-19 06:11:00,0,0,自由時報,0.237,0.205,http://tw.news.yahoo.com/%E6%AD%8C%E6%9E%97%E6%90%B6%E5%B8%82%E5%A4%A7%E5%AE%B6%E9%9B%BB-%E9%9B%BB%E8%A6%96%E8%AE%8A%E9%A0%BB%E5%86%B7%E6%B0%A3%E5%90%B8%E5%AE%A2-221105127.html
氣炸鍋,氣炸鍋第五作品：泰式椒麻雞（生平第一次做…成功好吃）醃好...,氣炸鍋第五作品：泰式椒麻雞（生平第一次做…成功好吃）醃好粿上粉沾點油下去約15分鐘…酥酥脆脆…噢耶另份同時平底鍋下去煎…天啊…好久…最後還是丟氣炸鍋憑著常吃暹羅的椒麻雞口感....,社群網站,Facebook公眾訊息 > FbPublicMsg,主文,2013-12-19 05:08:26,28,116,黃小路,0.535,0.232,http://www.facebook.com/photo.php?fbid=10153577347135234
氣炸鍋,最近接到很多人打電話來問:公司尾牙禮有甚麼好推薦~拜託!...,...) 7081TW http://goo.gl/SlrcW0 NO2:歌林不鏽鋼30公升旋風大烤箱(BO-LN301) http://goo.gl/qkgfGo NO3: PRINCESS荷蘭公主旋風...,社群網站,facebook粉絲團 > 反486受害者團結大聯盟,主文,2013-12-18 14:23:06,3,57,反486受害者團結大聯盟,0.517,0.161,http://www.facebook.com/permalink.php?story_fbid=679025972129481&id=140282406003843
氣炸鍋,One max又硬又能切女王直呼太過癮！,把萬妹切好的菜 跟三星手機一起放到鍋子裡變成氣炸鍋 一盤美味完成[大笑]  請勿模仿[口哨],討論區,mobile01 > HTC(Android),回文,2013-12-18 12:49:00,30,14641,kenlhp,0.249,0,http://www.mobile01.com/topicdetail.php?p=3&f=566&t=3693566#47785525
氣炸鍋,酥炸章魚,...對沒溫度的食物 興趣缺缺 決定 把剩下的油漬小章魚 裹些番薯粉 用氣炸鍋烤熱 ' 材料 1.處理過的小章魚 2.番薯粉 3.檸檬角 ' 做...,部落格,udn部落格 > 最多回應,主文,2013-12-18 08:57:51,2,0,ritayang3399,0.166,0.168,http://blog.udn.com/ritayang3399/9884778
氣炸鍋,氣炸鍋第三作品：蒜香牛排牛排醃好後放鍋內約10分鐘即可上...,氣炸鍋第三作品：蒜香牛排牛排醃好後放鍋內約10分鐘即可上桌.青菜水煮母子倆的美味牛排午餐約會+外帶老公便當（多哥吃我自創的起士茄汁通心麵…）,社群網站,Facebook公眾訊息 > FbPublicMsg,主文,2013-12-18 05:25:07,33,188,黃小路,0.211,0,http://www.facebook.com/photo.php?fbid=10153574200460234
氣炸鍋,氣炸鍋第四作品：花枝丸+雞腿排(右上冷凍雞腿排)都是冷凍...,氣炸鍋第四作品：花枝丸+雞腿排(右上冷凍雞腿排)都是冷凍下鍋的…10分鐘搞定注意右中圖（沒加油去氣炸…但卻逼出油）好了…我的宵夜文要休息了…明...,社群網站,Facebook公眾訊息 > FbPublicMsg,主文,2013-12-17 23:19:00,22,78,黃小路,0,0.532,http://www.facebook.com/photo.php?fbid=10153575206655234
氣炸鍋,[問卦]有沒有蛋捲機的八卦?,前一陣子比較紅的電器產品應該就是氣炸鍋惹不但各家廠商競相模仿還衍生出一堆討論只是個改良版旋風烤箱blablader現在又冒出了個蛋捲機目前也蠻多廠商跟進der外型長der像TENGA杯使...,社群網站,Ptt > Gossiping,主文,2013-12-17 17:43:36,10,0,kurobane,0.293,0.111,http://www.ptt.cc/bbs/Gossiping
氣炸鍋,[心得]氣炸鍋處理雞肉還不錯...,水煮雞肉吃到真的快吐了現在開始用氣炸鍋恩...好吃多了料理法: <1.醃製>雞肉(胸或里肌) +番茄醬+胡椒+鹽+辣椒粉+義大利綜合香料醃製一個晚上<2.丟進氣炸鍋>如果想要口感...,社群網站,Ptt > MuscleBeach,主文,2013-12-17 16:53:43,29,0,seiko2023,0.385,0.135,http://www.ptt.cc/bbs/MuscleBeach/M.1387270426.A.DFC.html
氣炸鍋,此時…請原諒我氣炸鍋新鮮感試用期氣炸鍋第二作品：十分鐘搞...,此時…請原諒我氣炸鍋新鮮感試用期氣炸鍋第二作品：十分鐘搞定薯條&雞塊免放油還逼出一些...,社群網站,Facebook公眾訊息 > FbPublicMsg,主文,2013-12-17 14:57:36,62,175,黃小路,0.251,0.277,http://www.facebook.com/photo.php?fbid=10153571812125234
氣炸鍋,我也想要一台氣炸鍋感覺很方便很適合我要帶小孩兼煮飯，因...,我也想要一台氣炸鍋感覺很方便很適合我要帶小孩兼煮飯，因為杜比已經坐不住了，希望當爸的人可以了解煮婦的心聲,社群網站,Facebook公眾訊息 > FbPublicMsg,主文,2013-12-17 09:40:13,27,59,沈品嫻,0.63,0,http://www.facebook.com/permalink.php?story_fbid=730427703635402&id=100000045379583
氣炸鍋,林梅子你的許願功力太強了，昨天才說想要氣炸鍋，今天就來一...,林梅子你的許願功力太強了，昨天才說想要氣炸鍋，今天就來一台新的....那順便幫我許願一台五十寸的電視好不好,社群網站,Facebook公眾訊息 > FbPublicMsg,主文,2013-12-17 03:37:33,12,59,黃建智,0.222,0.229,http://www.facebook.com/permalink.php?story_fbid=696318590387210&id=548479850
氣炸鍋,【按讚+留言★抽飛利浦負離子SPA按摩吹風機1支】 ...,...免油健康氣炸鍋(HD-9220)白色(M)，利用食材本身油脂與水份烹飪食物，不需額外添加油。料理過程還可將食材本身油脂瀝出，比傳統油炸鍋減油最多達80%，再也不用擔心被市面上劣質油混淆！...,社群網站,facebook粉絲團 > momo富邦購物網,主文,2013-12-16 16:04:46,561,4650,momo富邦購物網,0.502,0.567,http://www.facebook.com/permalink.php?story_fbid=10152057992533431&id=165449553430
氣炸鍋,如何做薯條,一直想買個空氣炸鍋來試試的，不過沒用過，不了解。油炸的太浪費油了，炸薯條的話,討論區,伊莉討論區 > 廚藝烹飪(飲食交流),回文,2013-12-16 02:07:00,9,625,superttgd,0.228,0.343,http://www07.eyny.com/thread-9249256-1.html
氣炸鍋,永和美食義大利麵-古迪歐早午餐/下午茶義大利麵辣得剛剛好,...放久了也不會回軟!很好吃! 洋蔥圈的份量有點過少! 旁邊的番茄醬和蜂蜜芥茉醬幾乎沒有甚麼沾!單單吃就很好吃了!   ▼脆薯就是超好吃，好想去Costco買回家自己用氣炸鍋...,討論區,iPeen愛評網 > 最新文章,主文,2013-12-16 00:03:04,2,23,十六咩,0.495,0.403,http://www.ipeen.com.tw/comment/582712
氣炸鍋,"新型態殺手,小心鈕扣型電池誤吞事件!","... 假""米粉""?9成米粉充斥廉價玉米澱粉 市售非基因改造食品含量標示太寬鬆 1粒都沒有是標示不實?次級米冒稱高級米情節輕微?農糧署官僚縱放米商! 消基會與標準局抽檢市售""氣炸鍋</spa...",部落格,樂多日誌 blog > 樂多 BlogSearch搜尋結果,主文,2013-12-16 00:00:00,0,0,nessie,0.404,0.513,http://blog.roodo.com/nessie/archives/26099712.html
氣炸鍋,桂冠明太子魚香腸搖身一變的簡單創意料理,"...  桂冠魚子球      桂冠鮭魚球     請來我們的主廚小幫手蔡大寶幫我們把桂冠三魚全部串在氣炸鍋專用的叉子上 小幫手真是手巧,不一會就把香腸跟魚子球等全...",討論區,iPeen愛評網 > 最新文章,主文,2013-12-15 19:02:31,8,93,沙露露,0.521,0.22,http://www.ipeen.com.tw/comment/582468
氣炸鍋,今日晚餐現烤雞肉鹹派×脆薯甜點熱呼呼香蕉布郎尼×...,今日晚餐現烤雞肉鹹派×脆薯甜點熱呼呼香蕉布郎尼×香蕉巧克力義式冰淇淋陳尼力好不想還妳氣炸鍋喔XDDDD,社群網站,Facebook公眾訊息 > FbPublicMsg,主文,2013-12-15 11:54:04,22,89,Cat Anna,0,0.228,http://www.facebook.com/photo.php?fbid=10202098387975520
氣炸鍋,歐美兩大品牌Whirlpool –Philips聯合特賣會,"...氣炸鍋HD9220特價5,980；智慧萬用鍋HD2133特價3,380；音波牙刷HX6972特價3,980，Philips小家電商品消費滿5,000再送美式咖啡機(市價1200），更多每...",新聞,蘋果日報 > 科技總覽,主文,2013-12-15 00:00:00,0,0,行銷專題企劃,0.48,0.107,http://www.appledaily.com.tw/appledaily/article/supplement/20131215/35508942
氣炸鍋,新鮮屋：搭液晶螢幕氣炸鍋推升級版,家電廠商飛利浦推出第二代健康氣炸鍋，主打全新外觀與升級規格，其中白金升級款售價12900元，進階版皇家尊爵款售價15900元。 業者表示，新機種內外均有全面創新與升級。白金升級款具備...,新聞,蘋果日報 > 要聞總覽,主文,2013-12-15 00:00:00,0,0,朱正庭,0.487,0.198,http://www.appledaily.com.tw/appledaily/article/headline/20131215/35509289
氣炸鍋,[情報]惠而浦、飛利浦聯合福利品特賣會,...惠而浦部份有看到大小冰箱洗衣機乾衣機冷暖氣機小電有看到吸塵器電暖器微波爐除濕機空氣清淨機等現場數量滿多大家電實品可以看吸塵器有看到1000元以下的價格微波爐和除濕機看起來也很便宜飛利浦有美體刀吹風機...,社群網站,Ptt > Actuary,主文,2013-12-14 11:24:52,25,0,victoryvita,0.364,0.157,http://www.ptt.cc/bbs/Actuary/M.1386991496.A.9EE.html
氣炸鍋,陳大廚今天失手了，把鱈魚煎成魚酥，ㄧ半用氣炸鍋炸，結果黏鍋...,陳大廚今天失手了，把鱈魚煎成魚酥，ㄧ半用氣炸鍋炸，結果黏鍋拔不下來，炒山藥，炒高麗菜，兒子你就勉強鱈魚3吃吧！,社群網站,Facebook公眾訊息 > FbPublicMsg,主文,2013-12-14 09:57:19,6,45,陳仕忠,0,0.296,http://www.facebook.com/photo.php?fbid=718000101552883
氣炸鍋,歐美兩大品牌Whirlpool –Philips聯合特賣會,"...氣炸鍋HD9220特價5,980；智慧萬用鍋HD2133特價3,380；音波牙刷HX6972特價3,980，Philips小家電商品消費滿5,000再送美式咖啡機(市價1200），更多每...",新聞,蘋果日報 > 科技總覽,主文,2013-12-14 00:00:00,0,0,行銷專題企劃,0.48,0.107,http://www.appledaily.com.tw/appledaily/article/supplement/20131214/35506611
氣炸鍋,愈強調色香味的食品，愈可能出現問題---2013年12月號...,...原則3〉重質控制量若囤積就變毒素一連串的食安問題，掀起了在家做菜的熱潮，也帶動了麵包機、氣炸鍋的熱賣，有些人為了不用市售的油品，選擇自己在家中炸豬油。對此風潮，吳家誠並不以為然。「不要以...,社群網站,Facebook公眾訊息 > FbPublicMsg,主文,2013-12-13 15:29:23,0,3,盛慰先,0.498,0.52,http://www.facebook.com/permalink.php?story_fbid=724585487552382&id=100000028115811
氣炸鍋,回饋社區通路業者泰山辦園遊,... 全國電子表示，「當我們同在一起社區園遊會」現場準備氣炸鍋、厚釜鍋、豆漿機等小家電，製作美食供鄉親嚐鮮。 現場也將抽出幸運民眾，贈送「小家電終身免費維修」金幣貼紙，獲獎民眾可享有...,新聞,聯合新聞網 > 最新報導(熱門推薦),主文,2013-12-13 10:30:00,0,0,中央社╱台北13日電,0.581,0.142,http://forum.udn.com/forum/NewsLetter/NewsPreview?NewsID=8357896&ch=rss_latest
氣炸鍋,回饋社區通路業者泰山辦園遊,... 全國電子表示，「當我們同在一起社區園遊會」現場準備氣炸鍋、厚釜鍋、豆漿機等小家電，製作美食供鄉親嚐鮮。 現場也將抽出幸運民眾，贈送「小家電終身免費維修」金幣貼紙，獲獎民眾可享有...,新聞,聯合新聞網_即時新聞 > 地方新聞,主文,2013-12-13 10:30:00,0,0,台北13日電,0.581,0.142,http://udn.com/NEWS/BREAKINGNEWS/BREAKINGNEWS3/8357896.shtml
氣炸鍋,回饋社區通路業者泰山辦園遊,... 全國電子表示，「當我們同在一起社區園遊會」現場準備氣炸鍋、厚釜鍋、豆漿機等小家電，製作美食供鄉親嚐鮮。 現場也將抽出幸運民眾，贈送「小家電終身免費維修」金幣貼紙，獲獎民眾可享有...,新聞,MSN新聞 > 財經新聞,主文,2013-12-13 10:28:00,0,0,中央社,0.569,0.139,http://news.msn.com.tw/./news3473976.aspx
氣炸鍋,回饋社區通路業者泰山辦園遊,... 全國電子表示，「當我們同在一起社區園遊會」現場準備氣炸鍋、厚釜鍋、豆漿機等小家電，製作美食供鄉親嚐鮮。 現場也將抽出幸運民眾，贈送「小家電終身免費維修」金幣貼紙，獲獎民眾可享有...,新聞,中央社 > 財經新聞,主文,2013-12-13 10:04:44,0,0,中央社記者羅秀文台北13日電,0.569,0.139,http://feedproxy.google.com/~r/rsscna/finance/~3/tFiJFphj1Yg/201312130064-1.aspx
氣炸鍋,回饋社區通路業者泰山辦園遊,... 全國電子表示，「當我們同在一起社區園遊會」現場準備氣炸鍋、厚釜鍋、豆漿機等小家電，製作美食供鄉親嚐鮮。 現場也將抽出幸運民眾，贈送「小家電終身免費維修」金幣貼紙，獲獎民眾可享有...,新聞,Sina新聞 > 台灣財經,主文,2013-12-13 10:04:00,0,0,中央社,0.568,0.139,http://news.sina.com.tw/article/20131213/11347771.html
氣炸鍋,回饋社區通路業者泰山辦園遊,... 全國電子表示，「當我們同在一起社區園遊會」現場準備氣炸鍋、厚釜鍋、豆漿機等小家電，製作美食供鄉親嚐鮮。 現場也將抽出幸運民眾，贈送「小家電終身免費維修」金幣貼紙，獲獎民眾可享有...,新聞,yam天空 > 財經新聞,主文,2013-12-13 10:04:00,0,0,中央社,0.57,0.139,http://n.yam.com/cna/fn/20131213/20131213981194.html
氣炸鍋,香蒜烤牛肋條(氣炸鍋),"...' 材料 1.牛肋條 2.COSTCO牛排香料鹽 3.蒜頭 ' 做法 1.牛肋條切塊,用鑄體鍋煎到表面微焦黃 2.COSTCO香料鹽和牛肋條拌勻,放入氣炸鍋</span...",部落格,udn部落格 > 最多瀏覽,主文,2013-12-13 08:50:31,0,0,ritayang3399,0.464,0.183,http://blog.udn.com/ritayang3399/9835299
氣炸鍋,全國電社區園遊會泰山登場,... 全國電子表示，「當我們同在一起社區園遊會」現場準備氣炸鍋、厚釜鍋、豆漿機等小家電，製作美食供鄉親嚐鮮。現場也將抽出幸運民眾，贈送「小家電終身免費維修」金幣貼紙，獲獎民眾可享有小家電...,新聞,yam天空 > 財經新聞,主文,2013-12-13 08:30:00,0,0,中央商情網,0.568,0.139,http://n.yam.com/cnabc/fn/20131213/20131213981020.html
氣炸鍋,全國電社區園遊會泰山登場,... 全國電子表示，「當我們同在一起社區園遊會」現場準備氣炸鍋、厚釜鍋、豆漿機等小家電，製作美食供鄉親嚐鮮。現場也將抽出幸運民眾，贈送「小家電終身免費維修」金幣貼紙，獲獎民眾可享有小家電...,新聞,Sina新聞 > 台灣財經,主文,2013-12-13 08:30:00,0,0,中央社,0.567,0.139,http://news.sina.com.tw/article/20131213/11346822.html
氣炸鍋,6成3公司確定辦尾牙姐姐謝金燕最受期待,...值得一提的是，因應食安危機，麵包機、氣炸鍋等健康食品小家電，也成為尾牙夢幻逸品之一。 吃吃喝喝之餘，表演活動也是尾牙焦點，上班族針對男女藝人各有所好，謝金燕首度打敗蔡依林榮登后座，蕭...,新聞,MSN新聞 > 生活新聞,主文,2013-12-13 08:10:00,0,0,卡優新聞網,0.548,0.407,http://news.msn.com.tw/./news3473832.aspx
氣炸鍋,6成3公司確定辦尾牙姐姐謝金燕最受期待,...值得一提的是，因應食安危機，麵包機、氣炸鍋等健康食品小家電，也成為尾牙夢幻逸品之一。 吃吃喝喝之餘，表演活動也是尾牙焦點，上班族針對男女藝人各有所好，謝金燕首度打敗蔡依林榮登后座，蕭...,部落格,PcHome部落格 > PcHome BlogSearch搜尋結果,主文,2013-12-13 08:05:05,0,0,陳小花,0.543,0.401,http://mypaper.pchome.com.tw/smallfower131218/post/1326423407
氣炸鍋,6成3公司確定辦尾牙姐姐謝金燕最受期待,...值得一提的是，因應食安危機，麵包機、氣炸鍋等健康食品小家電，也成為尾牙夢幻逸品之一。 吃吃喝喝之餘，表演活動也是尾牙焦點，上班族針對男女藝人各有所好，謝金燕首度打敗蔡依林榮登后座，蕭...,新聞,Hinet > 財經新聞,主文,2013-12-13 08:03:00,0,0,卡優新聞網,0.547,0.406,http://times.hinet.net/news/14922960?m=cl
氣炸鍋,美媒列10大地雷禮物耶誕節別送,哈哈怎麼會 那些禮物我覺得都不錯ㄚ乾脆轉送我好了XD 好想要體重計、計步器、吸塵器、烤麵包機 如果有人要送我氣炸鍋我會更開心,討論區,FashionGuide > FreeTalk討論區,回文,2013-12-13 04:28:23,34,0,季小庭,0.631,0,http://forum.fashionguide.com.tw/post_list.php?topic_id=1117849&page=2
氣炸鍋,永遠都說要減肥，但熊跟喵總會想吃宵夜，幸好有了飛利浦健康氣...,...但熊跟喵總會想吃宵夜，幸好有了飛利浦健康氣炸鍋白金升級款，不管是炸物烤物或是牛排都能一次搞定，少油又不影響風味超級正點啦！！試用‧飛利浦健康氣炸鍋白金升級款http://rm...,社群網站,facebook粉絲團 > 。熊喵。美食分享,主文,2013-12-13 00:20:46,0,27,。熊喵。美食分享,0.6,0.22,http://www.facebook.com/permalink.php?story_fbid=656177127756327&id=231463986894312
氣炸鍋,歐美兩大品牌Whirlpool –Philips聯合特賣會,"...氣炸鍋HD9220特價5,980；智慧萬用鍋HD2133特價3,380；音波牙刷HX6972特價3,980，Philips小家電商品消費滿5,000再送美式咖啡機(市價1200），更多每...",新聞,蘋果日報 > 科技總覽,主文,2013-12-13 00:00:00,0,0,行銷專題企劃,0.48,0.107,http://www.appledaily.com.tw/appledaily/article/supplement/20131213/35504231
氣炸鍋,試用‧飛​利浦健康氣炸鍋白金升級款,第二代飛利浦健康氣炸鍋白金升級款，時尚輕巧還能變出一桌好菜，新廚娘喵也能變巧婦   熊喵很榮幸接到飛利浦氣炸鍋的邀約體驗 迫不及待想要測試看看，這個有著漂亮圓...,部落格,痞客邦 PIXNET > 。熊貓。大口吃垮全世界,主文,2013-12-13 00:00:00,0,0,熊喵,0.55,0.415,http://rmlove30.pixnet.net/blog/post/54683516
氣炸鍋,【按讚+留言★抽飛利浦氣炸鍋1500元折價券，共十張】 ...,【按讚+留言★抽飛利浦氣炸鍋1500元折價券，共十張】近日食用油事件，消費者對於食品安全更加重視，就怕病從口入。為此， momo購物網特別邀請PHILIPS飛利浦，共同舉辦健康氣炸鍋</s...,社群網站,facebook粉絲團 > momo富邦購物網,主文,2013-12-12 15:57:14,524,2706,momo富邦購物網,0.546,0.209,http://www.facebook.com/permalink.php?story_fbid=10152048638753431&id=165449553430
氣炸鍋,氣炸鍋到底要不要入手？！好掙扎！,希望今年尾牙能抽中[加持],討論區,mobile01 > 料理與食譜(生活娛樂),回文,2013-12-12 14:46:00,59,3399,xwc123,0.275,0,http://www.mobile01.com/topicdetail.php?p=6&f=602&t=2903082#47684536
氣炸鍋,上班族尾牙期待指數創新高抽獎現金最夯超愛姐姐謝金燕表演,...而近年層出不窮的食安危機，也讓「氣炸鍋」(5.97%)及「慢磨/果汁機」(3.48%)等小家電擠進上班族最想要的抽獎禮品第十名，顯見上健康意識逐漸抬頭，讓健康食品小家電成為尾牙夢幻逸品之...,新聞,今日新聞 > 財經新聞,主文,2013-12-12 09:25:00,0,0,鉅亨網新聞中心,0.543,0.465,http://www.nownews.com/n/2013/12/12/1050903
氣炸鍋,上班族尾牙期待指數創新高抽獎現金最夯超愛姐姐謝金燕表演,...而近年層出不窮的食安危機，也讓「氣炸鍋」(5.97%)及「慢磨/果汁機」(3.48%)等小家電擠進上班族最想要的抽獎禮品第十名，顯見上健康意識逐漸抬頭，讓健康食品小家電成為尾牙夢幻逸品之...,新聞,鉅亨網 > 指標新聞,主文,2013-12-12 09:17:00,0,0,,0.546,0.466,http://news.cnyes.com/Content/20131212/KHC1EMQJ5V82Q.shtml?c=index
氣炸鍋,上班族尾牙期待指數創新高抽獎現金最夯超愛姐姐謝金燕表演,...而近年層出不窮的食安危機，也讓「氣炸鍋」(5.97%)及「慢磨/果汁機」(3.48%)等小家電擠進上班族最想要的抽獎禮品第十名，顯見上健康意識逐漸抬頭，讓健康食品小家電成為尾牙夢幻逸品之...,新聞,鉅亨網 > 總覽新聞,主文,2013-12-12 09:17:00,0,0,,0.546,0.466,http://news.cnyes.com/Content/20131212/KHC1EMQJ5V82Q.shtml?c=detail
氣炸鍋,上班族尾牙期待指數創新高抽獎現金最夯超愛姐姐謝金燕表演,...而近年層出不窮的食安危機，也讓「氣炸鍋」(5.97%)及「慢磨/果汁機」(3.48%)等小家電擠進上班族最想要的抽獎禮品第十名，顯見上健康意識逐漸抬頭，讓健康食品小家電成為尾牙夢幻逸品之...,新聞,華視新聞 > 財經新聞,主文,2013-12-12 09:17:00,0,0,鉅亨網新聞中心,0.546,0.466,http://news.cts.com.tw/cnyes/money/201312/201312121349132.html
氣炸鍋,近4年新高63%上班族今年有尾牙,"...有趣的是，今年食安問題頻傳，也意外讓氣炸鍋、慢磨/果汁機等小家電，擠進上班族最想要的抽獎禮品前十名。 為了解今年上班族尾牙春酒概況，1111人力銀行日前調查逾1,000位上班族，結果...",新聞,yahoo新聞 > 財經,主文,2013-12-12 05:30:00,0,0,中時電子報,0.478,0.457,http://tw.news.yahoo.com/%E8%BF%914%E5%B9%B4%E6%96%B0%E9%AB%98-63-%E4%B8%8A%E7%8F%AD%E6%97%8F-%E4%BB%8A%E5%B9%B4%E6%9C%89%E5%B0%BE%E7%89%99-213000302.html
氣炸鍋,特力大同攻健康家電,...大同也推出氣炸鍋不讓飛利浦專美；聲寶、歌林也跟進多項健康小家電，將帶動健康小家電業績升溫。 台灣飛利浦優質生活經理周信成昨（11）日表示，食安問題帶動健康小家電業績，此次推出三款製麵...,新聞,聯合新聞網 > 股市要聞,主文,2013-12-12 04:22:00,0,0,經濟日報╱記者張義宮╱台北報導,0.594,0.205,http://forum.udn.com/forum/NewsLetter/NewsPreview?NewsID=8354505&ch=rss_stock
氣炸鍋,近4年新高！63％上班族今年有尾牙,"...有趣的是，今年食安問題頻傳，也意外讓氣炸鍋、慢磨／果汁機等小家電，擠進上班族最想要的抽獎禮品前十名。為了解今年上班族尾牙春酒概況，1111人力銀行日前調查逾1,000位上班族，結果顯示，...",新聞,工商時報 > 產業．科技,主文,2013-12-12 04:10:00,0,0,工商時報 記者劉馥瑜／台北報導,0.484,0.462,http://www.chinatimes.com/newspapers/20131212000118-260204
氣炸鍋,歐美兩大品牌Whirlpool –Philips聯合特賣會,"...氣炸鍋HD9220特價5,980；智慧萬用鍋HD2133特價3,380；音波牙刷HX6972特價3,980，Philips小家電商品消費滿5,000再送美式咖啡機(市價1200），更多每...",新聞,蘋果日報 > 科技總覽,主文,2013-12-12 00:00:00,0,0,行銷專題企劃,0.48,0.107,http://www.appledaily.com.tw/appledaily/article/supplement/20131212/35489898
氣炸鍋,上班族尾牙期待指數創新高抽獎現金最夯超愛姐姐謝金燕表演-台視財經,...   而近年層出不窮的食安危機，也讓「氣炸鍋」(5.97%)及「慢磨/果汁機」(3.48%)等小家電擠進上班族最想要的抽獎禮品第十名，顯見上健康意識逐漸抬頭，讓健康食品小家電成為...,新聞,台視新聞 > 財經新聞,主文,2013-12-12 00:00:00,0,0,鉅亨網提供,0.539,0.46,http://www.ttv.com.tw/102/12/1021212/122013120917AC90DA9D96B640F7A7A4FEAE546BC6D8BD36.htm
氣炸鍋,下午茶時間：焗烤義大利麵&炸薯條THOMSON氣炸鍋SA-T01簡單試做, 謝謝分享不過家裡有烤箱的就不需要吧 本來也想買台來玩但怕生灰塵浪費[XD],討論區,mobile01 > 家電綜合(居家房事),回文,2013-12-11 19:18:00,1,1078,bigsinger,0.261,0.69,http://www.mobile01.com/topicdetail.php?f=168&t=3683638#47670574
氣炸鍋,請問使用鋁製電鍋煮飯會造成老人痴呆嗎?,日本電子鍋內鍋是鐵氟龍，也沒好到哪去 包括氣炸鍋、麵包機、奶泡機等等，清洗真的要注意,討論區,mobile01 > 健康與養生(時尚生活),回文,2013-12-11 17:58:00,18,2222,jon8395,0,0,http://www.mobile01.com/topicdetail.php?f=330&t=3683669#47669361
氣炸鍋,6成3上班族有尾牙期待指數62分創新高,...而近年層出不窮的食安危機，也讓「氣炸鍋」(5.97%)及「慢磨/果汁機」(3.48%)等小家電擠進上班族最想要的抽獎禮品第十名，顯見上健康意識逐漸抬頭，讓健康食品小家電成為尾牙夢幻逸品之...,新聞,Sina新聞 > 台灣生活,主文,2013-12-11 17:28:00,0,0,中央日報,0.527,0.474,http://news.sina.com.tw/article/20131211/11333118.html
氣炸鍋,換個顏色賣！氣炸鍋升級價漲一倍,...香噴噴的肌肉吱吱作響，味道跟烤出來的一模一樣，短短15分鐘內烤雞肉串、煎牛排，還有泡菜磨菇鮮蝦，不用弄得一身油煙，只要靠氣炸鍋就能上桌，搭上食安議題，氣炸鍋人氣翻漲，換了個顏...,新聞,中時電子報_即時新聞 > 民生消費,主文,2013-12-11 14:19:00,0,0,中天 陳谷旻、梁嘉文、蔡雙吉、高孟柔,0.461,0.179,http://www.chinatimes.com/realtimenews/20131211004284-260414
氣炸鍋,企業賺不賺?尾牙照樣辦!─上班族尾牙/春酒期待指數調查,...而近年層出不窮的食安危機，也讓「氣炸鍋」(5.97%)及「慢磨/果汁機」(3.48%)等小家電擠進上班族最想要的抽獎禮品第十名，顯見上健康意識逐漸抬頭，讓健康食品小家電成為尾牙夢幻逸品之...,新聞,Sina新聞 > 台灣財經,主文,2013-12-11 13:57:00,0,0,中央社,0.541,0.465,http://news.sina.com.tw/article/20131211/11331189.html
氣炸鍋,【台灣三洋SANYO】9L電烤箱/SK-09T ▼最新上架▼,...油切健康空氣炸鍋(FBBF-C03)  售價:2980 產品說明【白朗】油切健康空氣炸鍋(FBBF-C03)給家人最貼心的健康新選... 飛利浦電子智慧型厚片防...,部落格,udn部落格 > UDN BlogSearch搜尋結果,主文,2013-12-11 11:43:44,0,0,cmb291,0.455,0.172,http://blog.udn.com/cmb291/9863668
氣炸鍋,氣炸鍋到底要不要入手？！好掙扎！," 我也有在瘋狂網拍買了一台discover 大約買了快半年...一個月用一次而已.. 炸東西方便,但是還不太會抓時間,通常都會分三次加熱... 後來discover出包,直接退...",討論區,mobile01 > 料理與食譜(生活娛樂),回文,2013-12-11 11:02:00,59,3399,永康小男,0.185,0.241,http://www.mobile01.com/topicdetail.php?p=6&f=602&t=2903082#47661049
氣炸鍋,飛利浦童趣動物園系列小猴吊燈40591評比,...copyright ymoney 氣炸鍋 充電式吸塵器 電鬍刀 飛利浦免油健康氣炸鍋hd9220 philips電鬍刀 philips電動刮鬍刀 ...,部落格,痞客邦 PIXNET > Pixnet BlogSearch搜尋結果,主文,2013-12-11 10:14:00,0,0,philip系列商店,0.471,0.154,http://zuingabouwin.pixnet.net/blog/post/325386434
氣炸鍋,飛利浦蒸氣熨斗GC1490推,... 限時破盤↘原售799飛利浦蒸氣熨斗GC1490$688新品上市!飛利浦PowerLife蒸氣電熨斗GC2910$1688 copyright ymoney 氣炸鍋 充電...,部落格,痞客邦 PIXNET > Pixnet BlogSearch搜尋結果,主文,2013-12-11 10:13:00,0,0,philip系列商店,0.49,0.166,http://zuingabouwin.pixnet.net/blog/post/325385600
氣炸鍋,下午茶時間：焗烤義大利麵&炸薯條THOMSON氣炸鍋SA-T01簡單試做,...所以老早就有購買一部氣炸鍋的念頭，經過一番比較發現…原來氣炸鍋種類蠻多的嘛！最後會決定購買THOMSON SA-T01，最大誘因在於10公升烘烤空間，應該是目前氣炸鍋</spa...,討論區,mobile01 > 家電綜合(居家房事),主文,2013-12-11 00:15:00,1,1078,dougtest,0.519,0.226,http://www.mobile01.com/topicdetail.php?f=168&t=3683638
氣炸鍋,飛利浦免油健康氣炸鍋HD9230(3人份) ◎搶眼新貨◎,"因為我自己也想要了解飛利浦免油健康氣炸鍋HD9230(3人份)到處尋找資訊做功課.我最近也在找飛利浦免油健康氣炸鍋HD9230(3人份),相關的資訊!!並整理了GOOGLE上...",部落格,udn部落格 > UDN BlogSearch搜尋結果,主文,2013-12-10 19:43:58,0,0,f2ebb15,0.403,0.308,http://blog.udn.com/f2ebb15/9852361
氣炸鍋,專案家電年終慶採購大促銷專案價F7148 【尾牙春酒...,"...歌林-健康無油氣炸鍋$3,700 F7107 【尾牙春酒】鍋寶微電腦養生豆漿機$1,860 F7108 【尾牙春酒】鍋寶微電腦電磁爐D-IH-8980-D $1,400 F7109 【尾...",社群網站,facebook粉絲團 > 權宇3coa內湖科學園區提貨中心,主文,2013-12-10 19:32:10,0,1,權宇3coa內湖科學園區提貨中心,0.382,0.137,http://www.facebook.com/permalink.php?story_fbid=637660206292740&id=145297162195716
氣炸鍋,咳咳咳╮(╯▽╰)╭感冒中(*´>д<)今天氣炸鍋第一...,咳咳咳╮(╯▽╰)╭感冒中(*´>д<)今天氣炸鍋第一次開箱文1氣炸湯圓撒上『花生粉加砂糖1：1』 2氣炸水餃⋯⋯ 3氣炸迷迭雞腿排心得：冷凍食品沒退好冰，氣炸會炸很久，口感不佳(*´>д<...,社群網站,Facebook公眾訊息 > FbPublicMsg,主文,2013-12-10 13:18:29,9,50,簡小真,0.2,0.53,http://www.facebook.com/photo.php?fbid=10153599942795187
氣炸鍋,無錫排骨豬小排800g、八角3粒、蒜3粒（拍扁）、醬油...,...先將排骨沾醬油（份量外、為了上色），氣炸鍋170度12分鐘，取出後熱鍋加入所有調味料和排骨，加水蓋過排骨大火煮滾，關微火燜煮約40分鐘待肉軟嫩。最後汁收乾淋上香油，起鍋完成...,社群網站,Facebook公眾訊息 > FbPublicMsg,主文,2013-12-10 10:43:40,6,34,Betty Yu,0.211,0.184,http://www.facebook.com/photo.php?fbid=698858440137907
氣炸鍋,hp 430 G1 13.3吋商務筆電(i5-4200U/Win8)分享資訊賺到瘋狂送比價分享比價,"...hierryMugler,MITSUBISHI三菱、PVC托特包,吹風機、Jealousness婕洛妮絲,印石開運男包、運動飲料.DZ狗餐罐Freeman面膜.礦岩花緊實系列,Arctura.超值訂...",部落格,痞客邦 PIXNET > Pixnet BlogSearch搜尋結果,主文,2013-12-10 04:33:00,0,0,bowenhollybyn,0.393,0.349,http://bowenhollybyn.pixnet.net/blog/post/324585728
氣炸鍋,廚房家電新品多元配件玩好菜,飛利浦第二代健康氣炸鍋「皇家尊爵款」。 圖╱飛利浦提供食安風暴讓強調「自己動手做」的家電買氣提升，賣場預估時事議題加上雙薪家庭比例提升，健康便利的廚房家電銷量仍會穩定成長。 日前...,新聞,聯合新聞網_子類群 > 折扣好康(消費資訊),主文,2013-12-10 02:43:00,0,0,聯合報╱記者唐守怡、陳威任╱台北報導,0.556,0.451,http://forum.udn.com/forum/NewsLetter/NewsPreview?NewsID=8349746&ch=rss_shopping
氣炸鍋,聲寶SAMPO-多功能燉鍋(TQ-L9601CL) ◎搶眼新貨◎,...售價:1490  聲寶SAMPO-多功能燉鍋(TQ-L9601CL)  一機多用，附透明鍋蓋!!方便好好用!!■功能特性：詳細商品說明  #熱銷商品# 飛利浦健康氣炸鍋</span...,部落格,痞客邦 PIXNET > Pixnet BlogSearch搜尋結果,主文,2013-12-09 16:28:00,0,0,r91i1s1b,0.446,0.328,http://r91i1s1b.pixnet.net/blog/post/29610307
氣炸鍋,[器具]氣炸鍋料理分享,其實氣炸鍋已經夯了很久最近終於狠心敗了一台回來從簡單的雞米花、薯條開始第一步到豆乳雞、蜜汁叉燒，並進階到步驟繁複的雞翅包飯全部都不是問題阿！而且口味都很不錯哦！氣炸鍋真的是懶...,社群網站,Ptt > cookclub,主文,2013-12-09 10:26:23,6,0,ashley1205,0.315,0.181,http://www.ptt.cc/bbs/cookclub/M.1386555986.A.AC4.html
氣炸鍋,把食譜放上來分享囉~~ 【材料】無鹽奶油140克、無...,...無鹽奶油140克、無糖可可粉50克、糖120克、蛋2個、低筋麵粉80克、核桃1小杯【做法】將無鹽奶油溶化後依續加入可可粉、糖、蛋和低粉攪拌均勻，倒入模型後灑上核桃，氣炸鍋以160度c預熱...,社群網站,facebook粉絲團 > 飛利浦生活質人,主文,2013-12-09 10:15:53,0,27,飛利浦生活質人,0.218,0,http://www.facebook.com/permalink.php?story_fbid=547201848697545&id=120294991388235
氣炸鍋,炸牛小排邊筋肉(氣炸鍋),"...2.COSTCO牛排香料鹽 ' 做法 1.先用鑄鐵鍋乾煎牛小排修邊筋肉,煎到表面微焦~因為想用牛油煎洋蔥和馬鈴薯塊 2.COSTCO牛排香料鹽和牛小排邊筋肉混合均勻,放入氣炸鍋</sp...",部落格,udn部落格 > 最多瀏覽,主文,2013-12-09 08:34:42,1,0,ritayang3399,0.204,0.194,http://blog.udn.com/ritayang3399/9769355
氣炸鍋,不只炸，飛利浦氣炸鍋還能做麵包！這道地瓜橄欖佛卡夏麵包...,...飛利浦氣炸鍋還能做麵包！這道地瓜橄欖佛卡夏麵包，由陳秉文老師創作，香Q又清新的口感，散發著彷彿義大利窯烤般的香氣！ ↓第二代飛利浦健康氣炸鍋www.philips.com.t...,社群網站,facebook粉絲團 > 飛利浦生活質人,主文,2013-12-09 07:20:00,0,23,飛利浦生活質人,0.263,0,http://www.facebook.com/permalink.php?story_fbid=547136332037430&id=120294991388235
氣炸鍋,[已解決]聖誕節交換禮物,...我有想到家電產品..例如氣炸鍋..電暖爐之類..會很瞎嗎?...,社群網站,Yahoo!奇摩知識+ > 節日慶典,主文,2013-12-08 23:28:28,9,0,傻氣。_。喵仔,0.527,0.249,http://tw.knowledge.yahoo.com/question/question?qid=1513120804423
氣炸鍋,開箱|飛利浦飛利浦免油健康氣炸鍋HD9220 ♡無須用油也可以享受美味炸物, 老妹前陣子朝思暮想、日也念夜也念的氣炸鍋終於入手了！  這個神奇的氣炸鍋，標榜不用油炸就可以吃到美味的炸物， 還可以逼油，比傳統油炸方式少了80%油脂，<BR...,部落格,痞客邦 PIXNET > Pixnet BlogSearch搜尋結果,主文,2013-12-08 22:29:00,0,0,ashley1205,0.53,0.412,http://ashley1205.pixnet.net/blog/post/323798855-%E9%96%8B%E7%AE%B1-%7C-%E9%A3%9B%E5%88%A9%E6%B5%A6%E9%A3%9B%E5%88%A9%E6%B5%A6%E5%85%8D%E6%B2%B9%E5%81%A5%E5%BA%B7%E6%B0%A3%E7%82%B8%E9%8D%8B-hd9220-%E2%99%A1-
氣炸鍋,自以為豬肉用氣炸鍋可以去很多油，結果用完洗了至少六次以上還...,"自以為豬肉用氣炸鍋可以去很多油，結果用完洗了至少六次以上還是油油的，沒辦法洗乾淨，豬油太厲害了=.=""",社群網站,Facebook公眾訊息 > FbPublicMsg,主文,2013-12-08 21:06:03,3,3,周尚達,0.582,0.322,http://www.facebook.com/photo.php?fbid=10201332498410810
氣炸鍋,美國DOMKE防彈尼龍專業手提包701-J11 J-811 (中) #酷#,...[2990專品] ELECOM超潑水4級波士頓包 售價:2990 通過日本撥水度試驗可收裝12.1吋NOTEBOOK附有腳架固定帶，可裝配相機腳架收納部附活動式隔板 飛利浦免油健康氣炸鍋<...,部落格,udn部落格 > UDN BlogSearch搜尋結果,主文,2013-12-08 10:24:04,0,0,y123456jjjja,0.474,0.334,http://blog.udn.com/y123456jjjja/9815806
氣炸鍋,【福利品】飛利浦DVD播放機(DVP3600)評比,...飛利浦USB/MP3 DVD播放機DVP3670$1190 copyright ymoney 氣炸鍋 充電式吸塵器 電鬍刀 飛利浦免油健康氣炸鍋hd922...,部落格,痞客邦 PIXNET > Pixnet BlogSearch搜尋結果,主文,2013-12-08 10:12:00,0,0,philip系列商店,0.501,0.162,http://zuingabouwin.pixnet.net/blog/post/323443379
氣炸鍋,五股婦幼展，12/6～12/9法國童思樂，世界知名家電...,五股婦幼展，12/6～12/9法國童思樂，世界知名家電空氣炸鍋、慢磨機、食物調理棒、吸塵器超值優惠中,社群網站,Facebook公眾訊息 > FbPublicMsg,主文,2013-12-07 08:29:40,6,28,Paul Chen,0.619,0,http://www.facebook.com/permalink.php?story_fbid=10151873662058871&id=607428870
氣炸鍋,[快]Canon G16 F1.8大光圈星空夜拍類單眼相機(公司貨)便宜評鑑一定會買超讚非買,"...ANNADOLLY,MITSUBISHI三菱,護腿德國EG時尚壁貼,EllenTracy,金安德森男包、日本櫻桃嚴選童鞋,乾衣、LANCASTER,OA辦公桌鞋子、香水美體香氛.ADDEX法國超值訂...",部落格,痞客邦 PIXNET > Pixnet BlogSearch搜尋結果,主文,2013-12-07 03:52:00,0,0,yuanlia19132,0.407,0.276,http://yuanlia19132.pixnet.net/blog/post/322639040
氣炸鍋,買氣炸鍋做素食料理除了只能炸Frenchfries以外還能炸什麼呢?,"請問買了氣炸鍋的媽媽們,你們可以用氣炸鍋把杏包菇炸得酥酥的嗎..?自從我兒子吃了從加州來的炸得酥酥的杏包菇後念念不忘,吵啊吵啊...如果有人真得可以用氣炸鍋把杏包...",討論區,BabyHome 寶貝家庭親子網 > 香香美食,回文,2013-12-07 02:51:22,6,0,阿強一號的媽,0,0.602,http://www.babyhome.com.tw/mboard/topic.php?&bid=13&sID=4153303
氣炸鍋,♀體驗♂飛利浦免油健康氣炸鍋,...接觸哇奇網這個試用平台，很幸運地獲選體驗心中的夢幻逸品~飛利浦免油健康氣炸鍋。 新品上市不久，曾有幾次好想購入，但因為價額不斐，自己又不愛炸物，只想嚐鮮，所以遲遲未入手，幸好遇到哇奇...,部落格,痞客邦 PIXNET > Pixnet BlogSearch搜尋結果,主文,2013-12-06 23:59:00,0,0,嘉叡媽,0.455,0.491,http://melody0702.pixnet.net/blog/post/168482439-%E2%99%80%E9%AB%94%E9%A9%97%E2%99%82-%E9%A3%9B%E5%88%A9%E6%B5%A6-%E5%85%8D%E6%B2%B9%E5%81%A5%E5%BA%B7%E6%B0%A3%E7%82%B8%E9%8D%8B
氣炸鍋,《電子通路》全國電社區園遊會，明台東登場,...全國電子表示，「當我們同在一起社區園遊會」活動結合公益、回饋社區，園遊會中並將準備氣炸鍋以及厚釜鍋、豆漿機等，與在地鄉親作知識分享與交流，並將使用新奇小家電現場烹調，製作熱騰騰美食與鄉親...,新聞,中時電子報_即時新聞 > 財經產業,主文,2013-12-06 14:37:00,0,0,時報資訊 【時報記者江俞庭台北報導】,0.264,0.128,http://www.chinatimes.com/realtimenews/20131206003415-260410
氣炸鍋,飛利浦健康氣炸鍋專用煎烤盤HD9910(適用於HD9220&HD9230) ★福利價★,隨便google一下有些人再討論飛利浦健康氣炸鍋專用煎烤盤HD9910(適用於HD9220&HD9230).飛利浦健康氣炸鍋專用煎烤盤HD9910(適用於HD9220&HD9...,部落格,痞客邦 PIXNET > Pixnet BlogSearch搜尋結果,主文,2013-12-06 14:18:00,0,0,bbk2w15,0.431,0.33,http://bbk2w15.pixnet.net/blog/post/28181863
氣炸鍋,【試用】第二代飛利浦健康氣炸鍋HD9230白金升級款,飛利浦是發明氣炸鍋的始祖，而且應該是因為銷售量太好，因此又以迅雷不及掩耳的速度推出了二代機。是說我還在猶豫到底要不要下手第一代的氣炸鍋耶，怎麼容量更大且外型更搶眼的二代機就上...,部落格,痞客邦 PIXNET > Pixnet BlogSearch搜尋結果,主文,2013-12-06 10:06:00,3,0,黃小鴨,0.506,0.434,http://cindy83812.pixnet.net/blog/post/39227407-%E3%80%90%E8%A9%A6%E7%94%A8%E3%80%91%E7%AC%AC%E4%BA%8C%E4%BB%A3%E9%A3%9B%E5%88%A9%E6%B5%A6%E5%81%A5%E5%BA%B7%E6%B0%A3%E7%82%B8%E9%8D%8B-hd9230%E7%99%BD%E9%87%91
氣炸鍋,不只炸，飛利浦氣炸鍋還能烤餅乾！只要將麵粉、蛋、奶油....,...飛利浦氣炸鍋還能烤餅乾！只要將麵粉、蛋、奶油..等材料扮勻，壓上出自己喜歡的模形就可以囉~讓手作的幸福溫度，陪你度過整個周末~ ↓第二代飛利浦健康氣炸鍋新上市！ www.ph...,社群網站,facebook粉絲團 > 飛利浦生活質人,主文,2013-12-06 07:25:02,0,22,飛利浦生活質人,0.587,0.202,http://www.facebook.com/permalink.php?story_fbid=545882535496143&id=120294991388235
氣炸鍋,好物！！日本TWINBIRD和風雙層調理蒸籠SP-4137TW破盤價開團,... 公司有氣炸鍋+蒸籠，等於無敵！！！ 12/06 **************************************************************...,部落格,yam天空部落 > 486的大丈夫週記,主文,2013-12-06 00:00:00,4,0,kiss486,0.551,0.219,http://blog.yam.com/kiss486/article/71472955
氣炸鍋,【限量驚爆價】飛利浦智慧萬用鍋HD2105鑑賞文,...網路特惠價$3288 (更多折扣與0利率分期詳情...) 飛利浦智慧萬用鍋HD2105   相關產品介紹  Hiles甜甜圈鬆餅機(HE-W07A)飛利浦免油健康氣炸鍋</sp...,部落格,痞客邦 PIXNET > Pixnet BlogSearch搜尋結果,主文,2013-12-05 22:56:00,0,0,abciv7gh00ux7,0.249,0.39,http://abciv7gh00ux7.pixnet.net/blog/post/27916600
氣炸鍋,全台首例老公寓外掛新電梯，新北市核准發照,... 錢要叫誰出? 舊公寓之醜之不便要靠都市更新解決 竟然鼓勵這種加蓋式的近乎違建的東西 競爭力不足錢不夠要自動被洗去外圍換大樓 胡扯瞎扯長篇大論又臭又長 沒用過氣炸鍋</span...,討論區,mobile01 > 房地產綜合(居家房事),回文,2013-12-05 21:24:00,56,25413,脆弱Bruce,0.209,0.629,http://www.mobile01.com/topicdetail.php?p=6&f=356&t=3663317#47572371
氣炸鍋,物價漲外食族「食」在吃不消,...家事達人說，其實用電鍋煮飯，不只省錢、省時間，還能兼顧營養和健康，食安風暴加上物價上漲的壓力，讓這一陣子百貨公司週年慶，電鍋、氣炸鍋，和其他多功能鍋具，罕見的賣出上萬組，榨油機，也順勢翻...,新聞,Sina新聞 > 台灣財經,主文,2013-12-05 20:55:00,0,0,民視,0.599,0.42,http://news.sina.com.tw/article/20131205/11288646.html
氣炸鍋,物價漲外食族「食」在吃不消,... 家事達人說，其實用電鍋煮飯，不只省錢、省時間，還能兼顧營養和健康，食安風暴加上物價上漲的壓力，讓這一陣子百貨公司週年慶，電鍋、氣炸鍋，和其他多功能鍋具，罕見的賣出上萬組，榨油機，也...,新聞,民視新聞 > 財經新聞,主文,2013-12-05 18:34:00,0,0,,0.596,0.418,http://news.ftv.com.tw/NewsContent.aspx?ntype=class&sno=2013C05F07M1
氣炸鍋,不只炸，飛利浦氣炸鍋還能烤牛排！加上一點佐料和簡單擺盤...,...飛利浦氣炸鍋還能烤牛排！加上一點佐料和簡單擺盤，香嫩多汁的氣炸牛排就完成囉~ ↓第二代飛利浦健康氣炸鍋新上市！在家健康做五星級大餐www.philips.com.tw/air...,社群網站,facebook粉絲團 > 飛利浦生活質人,主文,2013-12-05 16:31:32,0,27,飛利浦生活質人,0.281,0.212,http://www.facebook.com/permalink.php?story_fbid=545608808856849&id=120294991388235
氣炸鍋,{窩客島午茶試吃}松山藝文特區附近的好咖啡11 CAFE,"...這裡的店家真的是太NICE 可能看我們很餓瘋狂掃桌的份上  還招待一份炸薯條給我們      灑上了檸檬皮,滴上了檸檬汁 聞起來充滿香氣 店內所有的炸食都是用氣炸鍋</span...",討論區,iPeen愛評網 > 最新文章,主文,2013-12-05 04:08:34,0,15,飛炫葡萄媽,0.538,0.346,http://www.ipeen.com.tw/comment/576460
氣炸鍋,新格9公升BBQ電烤箱SOV-9100 ●最後機會●,...尚朋堂32L旋風式大烤箱SO-9132  售價:2590 產品說明尚朋堂32L旋風式大烤箱SO-9132商品功能◎上火、下火、全火三... 歌林Kolin-健康無油空氣炸鍋(...,部落格,udn部落格 > UDN BlogSearch搜尋結果,主文,2013-12-05 02:10:21,0,0,e14ab2,0.47,0.164,http://blog.udn.com/e14ab2/9759926
氣炸鍋,食安當道健康家電狂銷2倍,... 強調智慧節能榨油耗時費力，主婦除慎選油品外，對高檔廚房家電接受度也大幅提升，由氣炸鍋帶起低油健康的飲食風潮，日前飛利浦也再推出第2代新機，另看好消費者金字塔頂端的消費潛力，精品家電...,新聞,蘋果日報 > 生活潮流總覽,主文,2013-12-05 00:00:00,0,0,王心怡 攝影翁玉信 部分圖片業者提供,0.446,0.367,http://www.appledaily.com.tw/appledaily/article/supplement/20131205/35484264
氣炸鍋,【按讚+留言★抽飛利浦負離子SPA按摩吹風機1支】冷颼...,... http://www.momoshop.com.tw/goods/GoodsDetail.jsp?i_code=2270840&cid=fb1203&oid=1200另外，新款飛利浦健康氣炸鍋</s...,社群網站,facebook粉絲團 > momo富邦購物網,主文,2013-12-04 12:03:17,607,5079,momo富邦購物網,0.524,0.208,http://www.facebook.com/permalink.php?story_fbid=10152029009008431&id=165449553430
氣炸鍋,"[已解決]翻譯:氣炸鍋,快鍋,悶燒鍋","翻譯:氣炸鍋,快鍋,悶燒鍋 版主您好，打擾了◎_◎不好意思~~雖然我無法親自解答您的問題>w<但我想跟您分享線上學英文的平台，提供給您做參考↓檢視圖片檢視圖片檢視圖片檢視圖片檢視圖片線上學...",社群網站,Yahoo!奇摩知識+ > 英文語言,回文,2013-12-04 11:14:01,2,0,比,0.52,0.214,http://tw.knowledge.yahoo.com/question/question?qid=1613112802651
氣炸鍋,[家常料理]戰鬥燒肉潛艇堡,看完這個突然感覺應該買一個空氣炸鍋了。。比較的方便且使用。,討論區,伊莉討論區 > 美味食譜(飲食交流),回文,2013-12-04 10:06:00,17,1195,heshaninter,0.645,0.259,http://www07.eyny.com/thread-9242769-1.html
氣炸鍋,千層紅糟肉(氣炸鍋),"...3.繼續放豬五花肉片 4.對折後槌打,面積太大,可繼續對折再槌打 (讓肉片緊密結合,才不會入鍋就散掉) 5.捶打好的肉塊,兩面沾番薯粉,待番薯粉濕潤,放入氣炸鍋160度10分...",部落格,udn部落格 > 最多回應,主文,2013-12-04 08:57:56,2,0,ritayang3399,0.389,0.427,http://blog.udn.com/ritayang3399/9683596
氣炸鍋,[家常料理]戰鬥燒肉潛艇堡,...：  1.菜市場買回來豬肉片(個人不建議用冷凍然後解凍的) 2.用好市多的韓式烤肉醬醃肉醬汁中要加入打扁打碎的蒜頭 3.煎蛋+生菜起司 4.肉用氣炸鍋烤為佳烤箱次之沒辦法...,討論區,伊莉討論區 > 美味食譜(飲食交流),主文,2013-12-04 05:16:00,17,1195,kgkvhj,0.225,0.255,http://www07.eyny.com/thread-9242769-1.html
氣炸鍋,開放式中島機能、美型廚房更讓廚房有條不紊,... 當初挑選廚房設備時，女主人格外重視品牌實用效能，包括德國NEXT125廚具、LIEBHERR冰箱、GAGGENAU瓦斯爐、蒸爐、BOSCH洗碗機、烤箱、Jura咖啡機、PHILIPS氣炸鍋</s...,新聞,聯合新聞網 > 房市情報,主文,2013-12-04 00:00:00,0,0,,0.537,0.386,http://money.udn.com/house/storypage.jsp?f_MAIN_ID=416&f_SUB_ID=4062&f_ART_ID=300381
氣炸鍋,【FOCUS新聞】日本冬季獎金來了另類驗收安倍,...」 今年日本年終尾牙的人氣獎品，是價值約台幣9千的氣炸鍋，和1萬5的雙人溫泉旅行，那最豪華的獎項呢？記者：「沖繩北海道旅行要多少錢？」禮品籌備公司：「三天兩夜，20萬日圓(台幣6萬)...,新聞,MSN新聞 > 國際新聞,主文,2013-12-03 21:09:00,0,0,TVBS新聞,0.548,0.406,http://news.msn.com.tw/./news3458518.aspx
氣炸鍋,【FOCUS新聞】日本冬季獎金來了另類驗收安倍,...」 今年日本年終尾牙的人氣獎品，是價值約台幣9千的氣炸鍋，和1萬5的雙人溫泉旅行，那最豪華的獎項呢？記者：「沖繩北海道旅行要多少錢？」禮品籌備公司：「三天兩夜，20萬日圓(台幣6萬)...,新聞,TVBS新聞 > 世界新聞,主文,2013-12-03 21:00:00,0,0,,0.548,0.406,http://news.tvbs.com.tw/entry/512845
氣炸鍋,【FOCUS新聞】日本冬季獎金來了另類驗收安倍,...」 今年日本年終尾牙的人氣獎品，是價值約台幣9千的氣炸鍋，和1萬5的雙人溫泉旅行，那最豪華的獎項呢？記者：「沖繩北海道旅行要多少錢？」禮品籌備公司：「三天兩夜，20萬日圓(台幣6萬)...,新聞,Hinet > 國際新聞,主文,2013-12-03 21:00:00,0,0,TVBS,0.548,0.406,http://times.hinet.net/news/14898919?m=cl
氣炸鍋,【第二代飛利浦健康氣炸鍋新上市】免油料理不怕黑心油！ ...,【第二代飛利浦健康氣炸鍋新上市】免油料理不怕黑心油！不只炸薯條，輕鬆烤魚、煎牛排、做麵包！還可以烘焙餅乾蛋糕不用烤箱喔~~全新皇家尊爵款，大容量讓全家人都滿足！更多健康氣炸鍋...,社群網站,facebook粉絲團 > 飛利浦生活質人,主文,2013-12-03 18:11:14,4,295,飛利浦生活質人,0.608,0.213,http://www.facebook.com/permalink.php?story_fbid=544785172272546&id=120294991388235
氣炸鍋,飛利浦智慧萬用鍋HD2105周年慶特優惠好心得分享超讚超殺,...搶購 以光導熱，不挑鍋 飛利浦黑晶爐HD4989(活力紅)(快速到貨)  特價：$2788元 搶購 新上市!歐洲進口~超大烹調容量 飛利浦大容量健康氣炸鍋HD...,部落格,痞客邦 PIXNET > Pixnet BlogSearch搜尋結果,主文,2013-12-03 16:42:00,0,0,carriesuzg0,0.443,0.308,http://carriesuzg0.pixnet.net/blog/post/319740455-%E9%A3%9B%E5%88%A9%E6%B5%A6%E6%99%BA%E6%85%A7%E8%90%AC%E7%94%A8%E9%8D%8Bhd2105%E5%91%A8%E5%B9%B4%E6%85%B6%E7%89%B9%E5%84%AA%E6%83%A0%E5%A5%BD%E5%BF%83%E5%BE%97%E5%88%86
氣炸鍋,GoMy線上購物- 《SAMPO聲寶》...,GoMy線上購物- 《SAMPO聲寶》健康油炸鍋/氣炸鍋KZ-L12221BL減少80％油脂網路價：3990 - 24hr線上購物-GoMy-...,社群網站,Plurk搜尋 > Plurk搜尋,主文,2013-12-03 03:20:51,0,0,jack1688,0.199,0.21,http://www.plurk.com/p/jh3de6
氣炸鍋,【十分鐘熱度】不要再燦X買東西的理由,...2.沒哦小弟我負責幾乎整場的補標作業，發現了好多，我也詢問過正職，他們就叫我別管那麼多，紫標就對了 3.便宜我真的事沒感覺ㄟ，以上次的年終特點活動，強打P牌氣炸鍋5980，但momo...,討論區,卡提諾王國 > 數位生活,回文,2013-12-03 00:27:00,32,2834,charles03,0.43,0.454,http://ck101.com/thread-2877332-1-1.html
氣炸鍋,健康雜誌／花生油、椰子油、橄欖油？依烹調方式買油,...假油風暴4大迷思 換個方式來料理／真向食物借油借水，氣炸鍋、鑽石鍋好夯 破解食安危機／王品也出包！瘦肉精最新5QA 認識生產者／真誠農夫大匯集，自備購物袋採買趣！ 真原醫...,新聞,ETtoday新聞雲 > 即時新聞,主文,2013-12-02 20:36:00,0,0,出處：康健雜誌180期 作者／楊心怡 圖片／陳德信,0.532,0.448,http://www.ettoday.net/news/20131202/302808.htm
氣炸鍋,Janet露事業線親密餵食男主廚,janet大方又美麗 我和我妹妹都很喜歡她 氣炸鍋會考慮~^^,討論區,伊莉討論區 > 明星新聞追(影視娛樂),回文,2013-12-02 19:01:00,15,333,leows600,0.734,0,http://www07.eyny.com/thread-9230152-1.html
氣炸鍋,餐管系校友陳秉文著作健康氣炸鍋教你做出五星級各國料理,餐管系校友陳秉文著作健康氣炸鍋教你做出五星級各國料理 (中央社訊息服務20131202 16:04:06)元培科技大學餐管系校友陳秉文繼油切80%！54道好口感氣炸鍋食譜...,新聞,Sina新聞 > 台灣文教,主文,2013-12-02 16:05:00,0,0,中央社,0.583,0.466,http://news.sina.com.tw/article/20131202/11256252.html
氣炸鍋,我的飛利浦氣炸鍋...開箱文,你就別再說了！哈~~~ 我上次還發信去問消基會問說486這樣的自寫自推的商業行為(雖然他自稱是自行購買，但是沒人知有沒有前錢後謝的存在)算不算是寫手，有沒有必要清楚表明！  結果消基會說！...,討論區,mobile01 > 家電綜合(居家房事),回文,2013-12-02 09:49:00,340,549190,禮誠工作室,0.479,0.43,http://www.mobile01.com/topicdetail.php?p=35&f=168&t=2433492#47506189
氣炸鍋,我的飛利浦氣炸鍋...開箱文,我家的炫風烤爐用到現在20餘年了嘛只有一個讚字 目前現役中~負責20分鐘一次烤完四口人晚餐[大笑] 烤的食物種類有薯條雞塊雞排香腸豬肉魚肉南瓜肉泥起司青椒.....,討論區,mobile01 > 家電綜合(居家房事),回文,2013-12-02 09:30:00,340,549190,oiio,0,0.226,http://www.mobile01.com/topicdetail.php?p=34&f=168&t=2433492#47505783
氣炸鍋,我的飛利浦氣炸鍋...開箱文,"...現在反省氣炸鍋這二年來的使用,只有讚美.. 家裡的飛利浦黑晶爐也用到第十二個年頭...當年買2999, 用到現在也只有一個讚...",討論區,mobile01 > 家電綜合(居家房事),回文,2013-12-02 01:29:00,340,549190,candy41,0.479,0.233,http://www.mobile01.com/topicdetail.php?p=34&f=168&t=2433492#47503822
氣炸鍋,台中廚房小家電蒐羅4.6折起,...包括飛利浦、Panasonic及Blendtec等廚房小家電在廣三SOGO推出優惠活動，各式氣炸鍋、全自動製麵包機、多功能調理機等最低4.6折起，但提醒您小家電的用電量都不小，使用時可要...,新聞,蘋果日報 > 生活潮流總覽,主文,2013-12-02 00:00:00,0,0,游瓊華 攝影黃瓊宏,0.21,0.173,http://www.appledaily.com.tw/appledaily/article/supplement/20131202/35477310
氣炸鍋,Janet露事業線親密餵食男主廚,氣炸鍋真的是很奇妙的東西  ,討論區,伊莉討論區 > 明星新聞追(影視娛樂),回文,2013-12-01 19:01:00,15,333,j513310,0.28,0,http://www07.eyny.com/thread-9230152-1.html
氣炸鍋,試用‧白金升級款飛​利浦健康氣炸鍋,...奧捷蜜月．熊喵私房行前準備大補帖 華國‧越夜越美麗長虹酒吧燭光晚餐 體驗‧動靜皆宜之正妹ROCKPORT 活動‧LaSova盈風鬆頸舒眠枕搭床墊 試用‧白金升級款飛​利浦健康氣炸鍋</...,部落格,痞客邦 PIXNET > 。熊貓。大口吃垮全世界,主文,2013-12-01 17:13:00,0,0,rmlove30,0.385,0.27,http://rmlove30.pixnet.net/blog/post/54205812
氣炸鍋,[租屋]竹南科學園區(近苗栗頭份大潤發),... 4.廚房＆客廳的電器設備：電視，烤箱，電鍋，冰箱，洗衣機，氣炸鍋熱水瓶，瓦斯爐等電器幾乎都是全新. 5.一人一層鞋櫃可放4-5雙鞋6.提供網路(有線＆無線)，第四台(信和)，水電瓦斯不...,社群網站,Ptt > gay  ,主文,2013-12-01 16:14:48,1,0,michelson,0.398,0.153,http://www.ptt.cc/bbs/gay/M.1385885691.A.066.html
氣炸鍋,[買賣] 24吋行李箱、飛利浦氣炸鍋,...請帶員工證) 2.飛利浦免油健康氣炸鍋HD9220參考網站: http://ppt.cc/sDze一年多前團購的東西使用不到5次放著生灰塵佔空間平常使用有墊鋁箔紙內部烤網無油漬無食物殘渣...,社群網站,Ptt > LinKou,主文,2013-12-01 12:23:02,0,0,kazemi,0.168,0.356,http://www.ptt.cc/bbs/LinKou/M.1385871785.A.C1A.html
氣炸鍋,[按讚+留言★抽飛利浦負離子SPA按摩吹風機1支]近日...,...免油健康氣炸鍋(HD-9220)黑色，高速空氣對流技術，利用熱空氣煮食物，不加油也可做到油炸效果。可搭配氣炸鍋食譜書，裡頭有許多做菜小秘訣喔！今日購買結帳再打88折，如此優惠...,社群網站,facebook粉絲團 > momo富邦購物網,主文,2013-12-01 12:00:01,1070,4742,momo富邦購物網,0.546,0.192,http://www.facebook.com/permalink.php?story_fbid=10152022024798431&id=165449553430
氣炸鍋,吉隆坡訊）肥胖是現代人的通病，也是女性聞之色變的詞彙。為了...,...擅用新科技烹煮器打造健康飲食首席飲食治療師兼飲食治療部經理林愛玲提及，民眾可以擅用新科技烹煮器材如氣炸鍋（Air Fryer），為打造健康飲食起著事半功倍的作用。她說，即使不用油，氣炸也...,社群網站,Facebook公眾訊息 > FbPublicMsg,主文,2013-12-01 09:24:41,0,1,Lee Boon Sin,0,0,http://www.facebook.com/permalink.php?story_fbid=432172886908184&id=100003464283459
氣炸鍋,PHILIPS飛利浦Voice Tracer數位錄音筆VTR7000人氣推薦,"...搜索譬如philips 7800mah,philips,philips氣炸鍋,philips dtd3190,philips刮鬍刀進一步找價格實惠商品    ▣錄音機、錄音筆4G...",部落格,PcHome部落格 > PcHome BlogSearch搜尋結果,主文,2013-11-30 23:22:20,0,0,小玲,0.467,0.353,http://mypaper.pchome.com.tw/led_tv/post/1326312439
氣炸鍋,飛利浦2代氣炸鍋再攻市,飛利浦熱銷的氣炸鍋自2011年底在台灣推出以來，估計銷售10萬台，由於近期食安議題熱門，飛利浦再推出第2代氣炸鍋，研發更多樣食譜，力攻尚未飽和的市場。 飛利浦優質生活事業...,新聞,聯合新聞網_即時新聞 > 娛樂追星,主文,2013-11-30 15:48:00,0,0,台北30日電,0.532,0.223,http://udn.com/NEWS/BREAKINGNEWS/BREAKINGNEWS9/8330143.shtml
氣炸鍋,飛利浦2代氣炸鍋再攻市,飛利浦熱銷的氣炸鍋自2011年底在台灣推出以來，估計銷售10萬台，由於近期食安議題熱門，飛利浦再推出第2代氣炸鍋，研發更多樣食譜，力攻尚未飽和的市場。 飛利浦優質生活事業...,新聞,聯合新聞網 > 最新報導(熱門推薦),主文,2013-11-30 15:48:00,0,0,中央社╱台北30日電,0.532,0.223,http://forum.udn.com/forum/NewsLetter/NewsPreview?NewsID=8330143&ch=rss_latest
氣炸鍋,飛利浦2代氣炸鍋再攻市,飛利浦熱銷的氣炸鍋自2011年底在台灣推出以來，估計銷售10萬台，由於近期食安議題熱門，飛利浦再推出第2代氣炸鍋，研發更多樣食譜，力攻尚未飽和的市場。飛利浦優質生活事業部行銷...,新聞,中時電子報_即時新聞 > 財經產業,主文,2013-11-30 15:34:00,0,0,中央社,0.534,0.224,http://www.chinatimes.com/realtimenews/20131130002536-260410
氣炸鍋,飛利浦2代氣炸鍋再攻市,飛利浦熱銷的氣炸鍋自2011年底在台灣推出以來，估計銷售10萬台，由於近期食安議題熱門，飛利浦再推出第2代氣炸鍋，研發更多樣食譜，力攻尚未飽和的市場。飛利浦優質生活事業部行銷...,新聞,中時電子報_即時新聞 > 民生消費,主文,2013-11-30 15:34:00,0,0,中央社,0.534,0.224,http://www.chinatimes.com/realtimenews/20131130002536-260414
氣炸鍋,食在難安！氣炸族樂當低卡總鋪師,...近年來，越來越多職業婦女因照顧工作和家庭，蠟燭兩頭燒，選擇用氣炸鍋做料理，以縮減傳統料理的時間和所需的烹飪基本功。為響應這波健康下廚的新風潮，型男主廚陳秉文也開發多道五星級料理食譜，讓民...,新聞,MSN新聞 > 健康新聞,主文,2013-11-30 15:29:00,0,0,華人健康網,0.564,0.517,http://news.msn.com.tw/./news3453767.aspx
氣炸鍋,飛利浦2代氣炸鍋再攻市,（中央社記者吳佳穎台北30日電）飛利浦熱銷的氣炸鍋自2011年底在台灣推出以來，估計銷售10萬台，由於近期食安議題熱門，飛利浦再推出第2代氣炸鍋，研發更多樣食譜，力攻尚未飽和...,新聞,MSN新聞 > 財經新聞,主文,2013-11-30 15:28:00,0,0,中央社,0.528,0.222,http://news.msn.com.tw/./news3453757.aspx
氣炸鍋,食在難安！氣炸族樂當低卡總鋪師,...近年來，越來越多職業婦女因照顧工作和家庭，蠟燭兩頭燒，選擇用氣炸鍋做料理，以縮減傳統料理的時間和所需的烹飪基本功。為響應這波健康下廚的新風潮，型男主廚陳秉文也開發多道五星級料理食譜，讓民...,新聞,yahoo新聞 > 健康,主文,2013-11-30 15:26:00,0,0,華人健康網,0.499,0.454,http://tw.news.yahoo.com/%E9%A3%9F%E5%9C%A8%E9%9B%A3%E5%AE%89-%E6%B0%A3%E7%82%B8%E6%97%8F%E6%A8%82%E7%95%B6%E4%BD%8E%E5%8D%A1%E7%B8%BD%E9%8B%AA%E5%B8%AB-072629496.html
氣炸鍋,飛利浦2代氣炸鍋再攻市,飛利浦2代氣炸鍋再攻市 2013-11-30 15:14:34 中央社記者吳佳穎台北30日電 飛利浦熱銷的氣炸鍋自2011年底在台灣推出以來，估計銷售10萬台，由...,部落格,PcHome部落格 > PcHome BlogSearch搜尋結果,主文,2013-11-30 15:20:19,0,0,陳小花,0.523,0.219,http://mypaper.pchome.com.tw/smallfower131109/post/1326310539
氣炸鍋,食在難安！氣炸族樂當低卡總鋪師,...近年來，越來越多職業婦女因照顧工作和家庭，蠟燭兩頭燒，選擇用氣炸鍋做料理，以縮減傳統料理的時間和所需的烹飪基本功。為響應這波健康下廚的新風潮，型男主廚陳秉文也開發多道五星級料理食譜，讓民...,新聞,yam天空 > 健康新聞,主文,2013-11-30 15:16:00,0,0,華人健康網／記者駱慧雯／台北報導,0.496,0.451,http://n.yam.com/top1health/healthy/20131130/20131130930621.html
氣炸鍋,食在難安！氣炸族樂當低卡總鋪師,...近年來，越來越多職業婦女因照顧工作和家庭，蠟燭兩頭燒，選擇用氣炸鍋做料理，以縮減傳統料理的時間和所需的烹飪基本功。為響應這波健康下廚的新風潮，型男主廚陳秉文也開發多道五星級料理食譜，讓民...,新聞,Hinet > 健康新聞,主文,2013-11-30 15:16:00,0,0,華人健康網,0.5,0.453,http://times.hinet.net/news/14892148?m=cl
氣炸鍋,食在難安！氣炸族樂當低卡總鋪師,...近年來，越來越多職業婦女因照顧工作和家庭，蠟燭兩頭燒，選擇用氣炸鍋做料理，以縮減傳統料理的時間和所需的烹飪基本功。為響應這波健康下廚的新風潮，型男主廚陳秉文也開發多道五星級料理食譜，讓民...,新聞,Sina新聞 > 台灣生活,主文,2013-11-30 15:16:00,0,0,華人健康網,0.512,0.464,http://news.sina.com.tw/article/20131130/11244317.html
氣炸鍋,飛利浦2代氣炸鍋再攻市,（中央社記者吳佳穎台北30日電）飛利浦熱銷的氣炸鍋自2011年底在台灣推出以來，估計銷售10萬台，由於近期食安議題熱門，飛利浦再推出第2代氣炸鍋，研發更多樣食譜，力攻尚未飽和...,新聞,中央社 > 財經新聞,主文,2013-11-30 15:14:34,0,0,中央社記者吳佳穎台北30日電,0.528,0.222,http://feedproxy.google.com/~r/rsscna/finance/~3/OYzMxkLQWBs/201311300163-1.aspx
氣炸鍋,飛利浦2代氣炸鍋再攻市,（中央社記者吳佳穎台北30日電）飛利浦熱銷的氣炸鍋自2011年底在台灣推出以來，估計銷售10萬台，由於近期食安議題熱門，飛利浦再推出第2代氣炸鍋，研發更多樣食譜，力攻尚未飽和...,新聞,Sina新聞 > 台灣財經,主文,2013-11-30 15:14:00,0,0,中央社,0.527,0.221,http://news.sina.com.tw/article/20131130/11244265.html
氣炸鍋,飛利浦2代氣炸鍋再攻市,飛利浦熱銷的氣炸鍋自2011年底在台灣推出以來，估計銷售10萬台，由於近期食安議題熱門，飛利浦再推出第2代氣炸鍋，研發更多樣食譜，力攻尚未飽和的市場。 飛利浦優質生活事業...,新聞,yam天空 > 財經新聞,主文,2013-11-30 15:14:00,0,0,中央社,0.528,0.222,http://n.yam.com/cna/fn/20131130/20131130930586.html
氣炸鍋,飛利浦2代氣炸鍋再攻市,飛利浦熱銷的氣炸鍋自2011年底在台灣推出以來，估計銷售10萬台，由於近期食安議題熱門，飛利浦再推出第2代氣炸鍋，研發更多樣食譜，力攻尚未飽和的市場。 飛利浦優質生活事業...,新聞,yam天空 > 財經新聞,主文,2013-11-30 15:14:00,0,0,中央商情網,0.527,0.221,http://n.yam.com/cnabc/fn/20131130/20131130930595.html
氣炸鍋,Janet露事業線親密餵食男主廚,Janet今為健康氣炸鍋站台，她一身藍禮服性感登場，還與型男主廚陳秉文聯手利用健康鍋大秀廚藝。Janet說：「現在外面的食安危機讓我們都不太敢吃外食，我也開始盡可能在家下廚，也會在家開P...,討論區,伊莉討論區 > 明星新聞追(影視娛樂),主文,2013-11-29 23:41:00,13,238,彩雲國,0.574,0.228,http://www07.eyny.com/thread-9230152-1.html
氣炸鍋,【陳秉文暖暖心＊暖暖胃主廚秀】時間：12/1(...,...時間：12/1(日) 13:30~16:00地點：本館9樓Family’s Kitchen邀請型男主廚陳秉文現場示範，年度夯品PHILIPS健康無油氣炸鍋及2013新品全營養免濾豆漿機，...,社群網站,facebook粉絲團 > 新光三越 高雄左營店,主文,2013-11-29 20:00:01,0,11,新光三越 高雄左營店,0.606,0,http://www.facebook.com/permalink.php?story_fbid=10152005701807299&id=267932442298
氣炸鍋,飛利浦第二代健康氣炸鍋液晶螢幕大容量王者之姿新登場！ Janet性感現身大秀多國廚藝力尬型男主廚,...   小家電領導品牌飛利浦自2011年底引進健康氣炸鍋，在國內即話題不斷，掀起搶購熱潮，而這股強勢魅力持續延燒到今年，飛利浦為提供消費者更優質的生活品質，隆重推出2款年度新品...,部落格,PcHome部落格 > PcHome BlogSearch搜尋結果,主文,2013-11-29 17:07:39,0,0,EDDIE,0.59,0.376,http://mypaper.pchome.com.tw/0988568911/post/1326306027
氣炸鍋,本燒醬焗烤帝王蟹很難做嗎???差不多就是食材準備好→放...,...??差不多就是食材準備好→放入氣炸鍋→設定烹調時間三步驟這麼簡單！飛利浦健康氣炸鍋的神奇魅力，連Janet都耳聞已久，還向型男主廚陳秉文拜師學藝，一道五星級料理立刻就做好啦^...,社群網站,facebook粉絲團 > 飛利浦生活質人,主文,2013-11-29 14:50:06,0,13,飛利浦生活質人,0.577,0.227,http://www.facebook.com/permalink.php?story_fbid=543061592444904&id=120294991388235
氣炸鍋,煎牛排鍋具的選擇,我用過Costco買的Lodge鑄鐵烤盤 每次煎完油噴的到處都是，洗完還要養鍋實在很麻煩 無意間使用氣炸鍋烤牛肉，真是太讚了<BR...,討論區,mobile01 > 料理與食譜(生活娛樂),回文,2013-11-29 13:16:00,28,968,TanyaLiu,0.492,0.571,http://www.mobile01.com/topicdetail.php?p=3&f=602&t=3368647#47468400
